wall_time,step,Train/Episode_steps
1653115387.75543,5000,100.0
1653115618.5878787,10000,100.0
1653115945.8915663,15000,100.0
1653116176.1705275,20000,100.0
1653116498.410466,25000,100.0
1653116728.6168466,30000,100.0
1653117032.145269,35000,100.0
1653117263.3934581,40000,100.0
1653117544.2124312,45000,100.0
1653117775.6056986,50000,100.0
1653118045.000061,55000,100.0
1653118276.1073387,60000,100.0
1653118539.7952387,65000,100.0
1653118771.23907,70000,100.0
1653119033.2944963,75000,100.0
1653119265.6252458,80000,100.0
1653119527.121172,85000,100.0
1653119758.855137,90000,100.0
1653120018.0079257,95000,100.0
1653120250.1378794,100000,100.0
1653120509.090827,105000,100.0
1653120741.001042,110000,100.0
1653120996.1929386,115000,100.0
1653121227.5954258,120000,100.0
1653121480.8078802,125000,100.0
1653121712.6971045,130000,100.0
1653121966.2707894,135000,100.0
1653122198.764127,140000,100.0
1653122455.942554,145000,100.0
1653122688.5892131,150000,100.0
1653122941.3937466,155000,100.0
1653123173.9323812,160000,100.0
1653123427.1472843,165000,100.0
1653123659.3437054,170000,100.0
1653123909.4712284,175000,100.0
1653124141.721292,180000,100.0
1653124394.7712305,185000,100.0
1653124627.0304372,190000,100.0
1653124878.2912219,195000,100.0
1653125110.369251,200000,100.0
1653125362.6026843,205000,100.0
1653125595.204893,210000,100.0
1653125846.4798222,215000,100.0
1653126078.9879785,220000,100.0
1653126330.150694,225000,100.0
1653126562.4825819,230000,100.0
1653126813.8425786,235000,100.0
1653127046.317856,240000,100.0
1653127297.0879114,245000,100.0
1653127529.417373,250000,100.0
1653127780.555767,255000,100.0
1653128012.8961542,260000,100.0
1653128265.4067562,265000,100.0
1653128498.733142,270000,100.0
1653128749.9200318,275000,100.0
1653128983.0030766,280000,100.0
1653129237.296781,285000,100.0
1653129470.884341,290000,100.0
1653129722.8911898,295000,100.0
1653129956.0188293,300000,100.0
1653130207.887433,305000,100.0
1653130440.6239798,310000,100.0
1653130692.5238051,315000,100.0
1653130925.9729435,320000,100.0
1653131178.5191307,325000,100.0
1653131411.6862152,330000,100.0
1653131662.8999007,335000,100.0
1653131895.6806958,340000,100.0
1653132146.8016865,345000,100.0
1653132379.9452002,350000,100.0
1653132631.6860504,355000,100.0
1653132864.7978399,360000,100.0
1653133116.5937152,365000,100.0
1653133349.8029642,370000,100.0
1653133601.2933097,375000,100.0
1653133834.173525,380000,100.0
1653134086.226178,385000,100.0
1653134319.6689744,390000,100.0
1653134571.307928,395000,100.0
1653134804.2549717,400000,100.0
1653135055.89109,405000,100.0
1653135288.8877144,410000,100.0
1653135540.6871686,415000,100.0
1653135773.6788127,420000,100.0
1653136025.467424,425000,100.0
1653136258.7521954,430000,100.0
1653136510.7792578,435000,100.0
1653136743.7475626,440000,100.0
1653136995.7155163,445000,100.0
1653137228.4103236,450000,100.0
1653137480.8999958,455000,100.0
1653137714.061449,460000,100.0
1653137965.4636955,465000,100.0
1653138198.746773,470000,100.0
1653138451.0404418,475000,100.0
1653138684.006272,480000,100.0
1653138935.8967175,485000,100.0
1653139168.805482,490000,100.0
1653139423.792786,495000,100.0
1653139662.8215184,500000,100.0
1653139921.311218,505000,100.0
1653140158.609476,510000,100.0
1653140416.1494236,515000,100.0
1653140656.803421,520000,100.0
1653140909.0318794,525000,100.0
1653141142.8302832,530000,100.0
1653141395.4945629,535000,100.0
1653141628.7185316,540000,100.0
1653141881.679366,545000,100.0
1653142114.9203904,550000,100.0
1653142368.259925,555000,100.0
1653142607.5560296,560000,100.0
1653142861.769984,565000,100.0
1653143095.6480887,570000,100.0
1653143349.2426345,575000,100.0
1653143582.5161996,580000,100.0
1653143835.3450878,585000,100.0
1653144068.3352494,590000,100.0
1653144321.0029807,595000,100.0
1653144554.3494587,600000,100.0
1653144806.5200372,605000,100.0
1653145039.5829556,610000,100.0
1653145291.5635078,615000,100.0
1653145524.9974616,620000,100.0
1653145777.6543365,625000,100.0
1653146010.7545989,630000,100.0
1653146264.0169442,635000,100.0
1653146497.4800947,640000,100.0
1653146750.5393791,645000,100.0
1653146983.2743304,650000,100.0
1653147236.307511,655000,100.0
1653147469.3818195,660000,100.0
1653147721.6413195,665000,100.0
1653147953.9928505,670000,100.0
1653148212.0208814,675000,100.0
1653148449.8465397,680000,100.0
1653148703.4466786,685000,100.0
1653148937.731426,690000,100.0
1653149191.064712,695000,100.0
1653149424.054701,700000,100.0
1653149678.3656974,705000,100.0
1653149911.3778994,710000,100.0
1653150165.8635154,715000,100.0
1653150398.7708228,720000,100.0
1653150651.2496958,725000,100.0
1653150884.400193,730000,100.0
1653151137.7327542,735000,100.0
1653151371.171797,740000,100.0
1653151624.9340694,745000,100.0
1653151857.7861736,750000,100.0
1653152110.743466,755000,100.0
1653152344.042473,760000,100.0
1653152598.0653267,765000,100.0
1653152831.611956,770000,100.0
1653153084.7595694,775000,100.0
1653153317.7726293,780000,100.0
1653153571.1682158,785000,100.0
1653153804.4041011,790000,100.0
1653154058.3703156,795000,100.0
1653154291.8302095,800000,100.0
1653154545.2115805,805000,100.0
1653154778.2935834,810000,100.0
1653155033.2451677,815000,100.0
1653155266.7199826,820000,100.0
1653155520.6245794,825000,100.0
1653155753.426734,830000,100.0
1653156007.0059032,835000,100.0
1653156240.4730012,840000,100.0
1653156493.6477895,845000,100.0
1653156727.0640805,850000,100.0
1653156980.2358592,855000,100.0
1653157213.469072,860000,100.0
1653157467.3487842,865000,100.0
1653157700.655606,870000,100.0
1653157954.496036,875000,100.0
1653158187.0555792,880000,100.0
1653158441.0447977,885000,100.0
1653158674.0868282,890000,100.0
1653158928.9198782,895000,100.0
1653159161.9057736,900000,100.0
1653159415.361539,905000,100.0
1653159648.7252166,910000,100.0
1653159903.0140297,915000,100.0
1653160136.3814638,920000,100.0
1653160389.9705496,925000,100.0
1653160623.0072422,930000,100.0
1653160877.4524357,935000,100.0
1653161110.7651577,940000,100.0
1653161364.7352738,945000,100.0
1653161598.1656992,950000,100.0
1653161854.277589,955000,100.0
1653162093.826057,960000,100.0
1653162350.956727,965000,100.0
1653162586.578822,970000,100.0
1653162845.5165415,975000,100.0
1653163081.2272983,980000,100.0
1653163340.2920432,985000,100.0
1653163580.1288054,990000,100.0
