wall_time,step,Explore/ag_kde_entropy
1653115288.9949954,749,-1.6115087488495607
1653115296.6247382,1249,-0.73399159332191
1653115304.3651092,1749,-0.5287418746080416
1653115312.0670776,2249,-0.2548741747266976
1653115322.07066,2749,-0.0241483428584206
1653115336.646316,3249,0.10322043098636113
1653115351.1636608,3749,0.30844787835401366
1653115365.7849464,4249,0.41469221606072226
1653115380.4750946,4749,0.4022359004787015
1653115399.3098078,5249,0.4629000649270396
1653115422.5371585,5749,0.3936374282651731
1653115445.9599316,6249,0.44824092812485716
1653115469.146924,6749,0.4047717461438962
1653115492.2200518,7249,0.35919275874996925
1653115515.308801,7749,0.3136632665775929
1653115538.3442123,8249,0.2986635550499548
1653115561.1378522,8749,0.3176302388787864
1653115583.9397433,9249,0.395602924234594
1653115607.0768025,9749,0.4113608886839848
1653115729.0239818,10249,0.38149874205844014
1653115751.8914886,10749,0.36067455369504753
1653115774.7250783,11249,0.31465428107371896
1653115797.576955,11749,0.30707064396512473
1653115820.3853428,12249,0.3592912581374459
1653115843.2197728,12749,0.4600241664412077
1653115866.0944402,13249,0.36768397643583395
1653115889.102704,13749,0.32034465811472757
1653115911.844638,14249,0.39444898053077315
1653115934.5376434,14749,0.3909943496506121
1653115957.2637284,15249,0.4822313737006909
1653115980.3526313,15749,0.4762263354504239
1653116003.508412,16249,0.4198122292888793
1653116026.6780074,16749,0.5380442955679126
1653116049.679001,17249,0.6071879484048313
1653116072.702181,17749,0.516837658333023
1653116095.6650069,18249,0.5187452822245922
1653116118.7001798,18749,0.5205933973719477
1653116141.7993228,19249,0.6064549028940878
1653116164.7370598,19749,0.5904828148635879
1653116280.4795127,20249,0.5677813110348753
1653116303.2562816,20749,0.5624425136142746
1653116326.2887802,21249,0.6113460269921909
1653116349.1395845,21749,0.5305900750018115
1653116372.19599,22249,0.5429708610395894
1653116395.1846554,22749,0.5761164345619356
1653116418.0361135,23249,0.5786696112661827
1653116441.0150588,23749,0.657640801903431
1653116463.9234464,24249,0.5681098966494491
1653116486.8896723,24749,0.5156843100311552
1653116509.8737252,25249,0.7259135964266425
1653116532.8858507,25749,0.7017148421661163
1653116555.8954601,26249,0.5941667847279701
1653116578.855631,26749,0.6158778491349057
1653116601.8865077,27249,0.589474067826036
1653116624.9671357,27749,0.657424107780118
1653116647.9407272,28249,0.5714005744375599
1653116671.0388765,28749,0.7106756924538162
1653116694.0459807,29249,0.5879444838626786
1653116717.1003242,29749,0.6507166179989703
1653116813.0195248,30249,0.6924815614218343
1653116835.9699502,30749,0.6617830500129567
1653116859.1124878,31249,0.6772903500773864
1653116882.0417583,31749,0.6841402934293845
1653116905.0525641,32249,0.6646101453188518
1653116928.0188859,32749,0.6812666079900191
1653116951.214416,33249,0.7618815821147229
1653116974.3929965,33749,0.7281246636757905
1653116997.5150912,34249,0.6997042546693115
1653117020.611402,34749,0.7174894808436387
1653117043.673509,35249,0.6670536218276757
1653117066.738746,35749,0.7545635644180151
1653117089.8346803,36249,0.8812961042649543
1653117113.0186682,36749,0.8042675903107899
1653117136.1338875,37249,0.7823474281287219
1653117159.244739,37749,0.7542143348592663
1653117182.454252,38249,0.807513739232669
1653117205.599748,38749,0.79218480399518
1653117228.7427397,39249,0.7815018386283943
1653117251.8313863,39749,0.7787098421239249
1653117324.5281236,40249,0.828817285044241
1653117347.6730614,40749,0.8298662957989702
1653117370.7947595,41249,0.9084579608934709
1653117393.9419456,41749,0.8452873444969442
1653117417.0869057,42249,0.9325719760804732
1653117440.1201718,42749,1.0070021627933587
1653117463.1496928,43249,0.918422689724661
1653117486.277036,43749,0.9943623042699978
1653117509.5028791,44249,0.9417236502376953
1653117532.6530812,44749,0.9484810934043577
1653117555.7855537,45249,1.1220363147235366
1653117578.9188218,45749,1.1146670012119393
1653117602.0020227,46249,1.0897424393889201
1653117625.1179192,46749,1.039546104627493
1653117648.2756934,47249,1.0989799295462874
1653117671.3563223,47749,1.1715354776950453
1653117694.503041,48249,1.1507618278061762
1653117717.5518522,48749,1.1320174804090324
1653117740.8350644,49249,1.035863322126922
1653117763.941511,49749,1.175951545051047
1653117825.9777687,50249,1.126127843226155
1653117848.9381776,50749,1.2175841922571125
1653117872.0062907,51249,1.1797099886808007
1653117895.0563128,51749,1.2004798513902433
1653117918.0139232,52249,1.2020637430468741
1653117941.094438,52749,1.2444472572919403
1653117964.253049,53249,1.2907692645952924
1653117987.2908938,53749,1.231237126492998
1653118010.4649482,54249,1.1944892837482484
1653118033.5069003,54749,1.2678533960068692
1653118056.5655322,55249,1.3272484772920716
1653118079.565325,55749,1.315403615091439
1653118102.588998,56249,1.3648672794823082
1653118125.8120654,56749,1.3622642511767857
1653118149.0744169,57249,1.2559590767254338
1653118172.160523,57749,1.3925271959144139
1653118195.2014134,58249,1.3491479575239227
1653118218.3819711,58749,1.408112033893095
1653118241.4275572,59249,1.3398200236555602
1653118264.5120232,59749,1.452752176455502
1653118320.691029,60249,1.399548481656844
1653118343.7069223,60749,1.4553062138562338
1653118366.7448394,61249,1.422539570829751
1653118389.6325262,61749,1.4233396252464958
1653118412.7907252,62249,1.5109476660663645
1653118435.8492677,62749,1.4873917945065886
1653118459.0007367,63249,1.498019046833274
1653118482.0527236,63749,1.4400438419525123
1653118505.0903354,64249,1.4920810157062494
1653118528.2203066,64749,1.446359363357359
1653118551.310639,65249,1.5199227870333485
1653118574.4901967,65749,1.5614002586274185
1653118597.7266595,66249,1.5363437006671559
1653118620.914847,66749,1.4872013494662268
1653118644.0303893,67249,1.5481288193920997
1653118667.2184315,67749,1.5056865917105258
1653118690.2998798,68249,1.6398331083050999
1653118713.316645,68749,1.576822929484499
1653118736.506493,69249,1.6532262753785445
1653118759.604434,69749,1.6985657813675665
1653118813.29742,70249,1.658924846773607
1653118836.2592208,70749,1.5288126802503994
1653118859.3463197,71249,1.6728300772934133
1653118882.5333061,71749,1.6235828044724547
1653118905.7542198,72249,1.7028038006786974
1653118928.9253817,72749,1.687171337628759
1653118952.1434445,73249,1.6820914531746625
1653118975.2922418,73749,1.7134176047165557
1653118998.544283,74249,1.7114431127112497
1653119021.6298337,74749,1.7450557732526093
1653119044.941276,75249,1.7265683879195892
1653119068.0817277,75749,1.7285916276070346
1653119091.372906,76249,1.7362933810580534
1653119114.5249348,76749,1.6729168983280829
1653119137.7246583,77249,1.6511017449326642
1653119161.0928466,77749,1.8196842790205263
1653119184.1859906,78249,1.769912284936645
1653119207.4249852,78749,1.7876220744362268
1653119230.652664,79249,1.811949500884996
1653119253.9557614,79749,1.8019899975942653
1653119306.8194234,80249,1.7120366792880861
1653119330.0634892,80749,1.7903199203483946
1653119353.2324586,81249,1.8431828552099998
1653119376.4723392,81749,1.8241144009132086
1653119399.5371637,82249,1.7960844479926066
1653119422.6966724,82749,1.8571343366607431
1653119445.8585637,83249,1.833363615266446
1653119469.0407047,83749,1.7934621050533233
1653119492.3045917,84249,1.7900331154604263
1653119515.471183,84749,1.7785994028966994
1653119538.667189,85249,1.9467860190816957
1653119561.8981822,85749,1.8312565624849038
1653119585.0115466,86249,1.8856248672071656
1653119608.140938,86749,1.8478966169215791
1653119631.3928926,87249,1.8930045326679448
1653119654.5763342,87749,1.8976793780250492
1653119677.6874037,88249,1.9132843006519926
1653119700.9560628,88749,1.8634233935020328
1653119724.0939457,89249,1.9053522241810898
1653119747.2730198,89749,1.9137880893389867
1653119797.6268733,90249,1.9225494110617616
1653119820.8090189,90749,2.0409462297499625
1653119843.859707,91249,1.8882852001961288
1653119866.9809146,91749,1.9516847785137847
1653119890.1937058,92249,1.9957960707518758
1653119913.4299197,92749,1.9232287327828517
1653119936.7338493,93249,1.9373728184976922
1653119960.0487413,93749,1.9584073303155738
1653119983.1904454,94249,1.9490241184788375
1653120006.3651845,94749,2.0246827789644293
1653120029.5333307,95249,1.9594310125336367
1653120052.7910058,95749,1.9761013319109697
1653120075.9803991,96249,1.9545602757615268
1653120099.1498384,96749,2.0449284747973815
1653120122.292306,97249,2.021148011678676
1653120145.6784785,97749,1.9968418175040643
1653120168.9256542,98249,2.0611997490561653
1653120192.075538,98749,2.0888681247466327
1653120215.2887013,99249,2.0266692188719673
1653120238.543684,99749,2.038374298148785
1653120289.1601067,100249,2.0603743033757302
1653120312.317167,100749,2.1018042200686873
1653120335.6208706,101249,2.0297380086369743
1653120358.879786,101749,1.9554596442828909
1653120381.962761,102249,2.1018678462609546
1653120405.157793,102749,2.0824401654592912
1653120428.2975323,103249,2.0448211100062763
1653120451.387717,103749,2.109705856287019
1653120474.5864012,104249,2.108891331643573
1653120497.528026,104749,2.149431188065936
1653120520.697573,105249,2.1154265959825342
1653120543.898215,105749,2.1435590775645825
1653120567.0698066,106249,2.120705962247871
1653120590.2006261,106749,2.09819815367247
1653120613.4342403,107249,2.0839700798609497
1653120636.674071,107749,2.0871879306951096
1653120659.8494039,108249,2.137661341602882
1653120682.970191,108749,2.102462093748919
1653120706.1989582,109249,2.0639293879978786
1653120729.3423088,109749,2.1444038081590278
1653120776.6070576,110249,2.182631493925201
1653120799.6775138,110749,2.143836736890428
1653120822.6930225,111249,2.1438799505652066
1653120845.9096186,111749,2.1537606511265333
1653120868.999433,112249,2.133626378787975
1653120892.1665845,112749,2.1631381632175906
1653120915.2104888,113249,2.215714029657327
1653120938.298729,113749,2.263637066070044
1653120961.3693044,114249,2.196800012131621
1653120984.5712366,114749,2.1285434334583155
1653121007.7299435,115249,2.1659394971307258
1653121030.8642695,115749,2.198939152270492
1653121054.0419483,116249,2.2097648431111594
1653121077.2674637,116749,2.2433654680646287
1653121100.4383366,117249,2.2082756224023816
1653121123.5156944,117749,2.296986029624845
1653121146.6603103,118249,2.243744624737105
1653121169.7849376,118749,2.206056678412334
1653121193.0557659,119249,2.1162324124733596
1653121216.06837,119749,2.2049313919863627
1653121260.803078,120249,2.2371587295377546
1653121283.9168925,120749,2.262941583846572
1653121306.9309375,121249,2.263098150484104
1653121330.048035,121749,2.220496865533604
1653121353.2596025,122249,2.291957685767405
1653121376.5205302,122749,2.243808414283988
1653121399.7040832,123249,2.2965833702887233
1653121422.9172554,123749,2.172563040194678
1653121446.0394268,124249,2.280213597007735
1653121469.099717,124749,2.279331344618503
1653121492.3407755,125249,2.30438897378587
1653121515.642623,125749,2.3425629927083826
1653121539.048848,126249,2.3219485196698386
1653121562.2544625,126749,2.35659665533145
1653121585.3843455,127249,2.255408123397702
1653121608.5102546,127749,2.3082410823116035
1653121631.6693375,128249,2.250290953402791
1653121654.8222687,128749,2.2663308200749204
1653121677.9775305,129249,2.3608583644256713
1653121701.1242635,129749,2.3689959750092595
1653121745.2312546,130249,2.3320904528446755
1653121768.408882,130749,2.35699428184322
1653121791.6957963,131249,2.2926516568605795
1653121814.8471215,131749,2.392252082073719
1653121838.1772277,132249,2.294854890180245
1653121861.509813,132749,2.335503017034026
1653121884.8861866,133249,2.370914358977564
1653121908.1119838,133749,2.3460604445762723
1653121931.390669,134249,2.3225447116049627
1653121954.671647,134749,2.3054607644832177
1653121977.7992055,135249,2.3602986176744087
1653122001.015777,135749,2.339052557474755
1653122024.3138235,136249,2.384755367909761
1653122047.5525503,136749,2.3804985671639582
1653122070.7787058,137249,2.416194265025148
1653122093.9114757,137749,2.4053473735182562
1653122117.0837379,138249,2.3501880763903227
1653122140.4387689,138749,2.3986345400658875
1653122163.6904674,139249,2.386017419021833
1653122187.0599866,139749,2.412518469385016
1653122234.829118,140249,2.410128507087218
1653122258.0603142,140749,2.3488718046333523
1653122281.3667068,141249,2.3667972551171554
1653122304.672,141749,2.417331024439538
1653122327.8057063,142249,2.4080944118437753
1653122351.067872,142749,2.3811831169228164
1653122374.2697642,143249,2.362126415810796
1653122397.56186,143749,2.410666708194942
1653122420.9381714,144249,2.448786016587375
1653122444.2687159,144749,2.4919864624155363
1653122467.5770547,145249,2.491625022969757
1653122490.8364294,145749,2.4225657435167745
1653122514.1216483,146249,2.425779579955409
1653122537.3554952,146749,2.426222019898698
1653122560.6295164,147249,2.49127087809744
1653122583.9500892,147749,2.419194277015451
1653122607.2500587,148249,2.4814754645994377
1653122630.490481,148749,2.4908185757758816
1653122653.7146242,149249,2.5225291182438596
1653122676.9284673,149749,2.4843889956819067
1653122720.4760544,150249,2.461511947513283
1653122743.6840804,150749,2.41132279598099
1653122766.9269488,151249,2.3952443961385264
1653122790.0345669,151749,2.459868362703889
1653122813.327856,152249,2.4707723251537494
1653122836.4740107,152749,2.4996696943173546
1653122859.8217359,153249,2.5283275495174586
1653122883.0912564,153749,2.489666348118136
1653122906.3950534,154249,2.489217027737428
1653122929.6978738,154749,2.4722170332849545
1653122953.111735,155249,2.5381661037848438
1653122976.329621,155749,2.467528146071069
1653122999.6370304,156249,2.4847320700433744
1653123022.8265572,156749,2.57029101385993
1653123046.0320857,157249,2.4495272025453225
1653123069.2474506,157749,2.490282961057926
1653123092.5195303,158249,2.5181246777307598
1653123115.7681882,158749,2.573460439854834
1653123139.026693,159249,2.5834290251316925
1653123162.3175545,159749,2.5883333332539773
1653123205.8947191,160249,2.5235332896422267
1653123229.118556,160749,2.55315972229598
1653123252.388597,161249,2.5621459276493477
1653123275.601963,161749,2.504827205245677
1653123298.8677368,162249,2.5051508599663856
1653123322.182085,162749,2.553429053856898
1653123345.5450401,163249,2.554098336203974
1653123368.913417,163749,2.5279909125492512
1653123392.226614,164249,2.5536461169055515
1653123415.4634454,164749,2.506793048360748
1653123438.7762399,165249,2.6023270776718763
1653123461.9642339,165749,2.4984249181629723
1653123485.1889753,166249,2.5952585944432123
1653123508.3906608,166749,2.6034366395095447
1653123531.5227363,167249,2.5670332164351026
1653123554.6779678,167749,2.641812618188555
1653123577.9979508,168249,2.511557352417533
1653123601.1973314,168749,2.554695289065776
1653123624.410989,169249,2.5766868396513405
1653123647.6432197,169749,2.542368767870218
1653123688.5709946,170249,2.5719368484062057
1653123711.736423,170749,2.567424705619955
1653123734.8635406,171249,2.5350486272635298
1653123758.0035229,171749,2.543248604251754
1653123781.3211677,172249,2.576028683096604
1653123804.5680845,172749,2.5901796017948344
1653123827.982188,173249,2.631344531547305
1653123851.300793,173749,2.60864803058543
1653123874.494112,174249,2.5186992078059465
1653123897.8126574,174749,2.6054941407421857
1653123921.0332022,175249,2.570774973546841
1653123944.1378047,175749,2.6577321285466207
1653123967.415729,176249,2.592657308390119
1653123990.689389,176749,2.683496026597292
1653124013.970037,177249,2.5723110817616415
1653124037.2245479,177749,2.5749325997095736
1653124060.532346,178249,2.613511701761426
1653124083.6249022,178749,2.5807532738966694
1653124106.7757654,179249,2.6876632776207563
1653124130.0588574,179749,2.574488062653091
1653124174.0246007,180249,2.6248554991213613
1653124197.2903156,180749,2.6107837228496726
1653124220.5850465,181249,2.654397720333099
1653124243.7065494,181749,2.628506491479163
1653124267.0071852,182249,2.602969308689156
1653124290.1385124,182749,2.6621466457022596
1653124313.4147713,183249,2.651567299062243
1653124336.6622655,183749,2.593271300995136
1653124359.878665,184249,2.6474417862540234
1653124383.0452461,184749,2.734840104461427
1653124406.4400008,185249,2.7486395616427814
1653124429.7307203,185749,2.6856239971105293
1653124453.0101776,186249,2.695417272691287
1653124476.1989772,186749,2.6883308614871404
1653124499.4665468,187249,2.6131034039739234
1653124522.659434,187749,2.6500136435196366
1653124545.7252913,188249,2.7509401848786648
1653124568.9551947,188749,2.739710651051587
1653124592.1393688,189249,2.6300214960282604
1653124615.4253232,189749,2.692462325543679
1653124657.670604,190249,2.648783791762931
1653124680.8714144,190749,2.684872425978955
1653124704.0410197,191249,2.7071297217139443
1653124727.274041,191749,2.6555521925047336
1653124750.4974113,192249,2.696344658477979
1653124773.70224,192749,2.717937526036238
1653124797.0122206,193249,2.709878049620901
1653124820.2867782,193749,2.757251406453713
1653124843.532812,194249,2.6342168471834237
1653124866.7304285,194749,2.750915093375543
1653124889.8067725,195249,2.6665491437696693
1653124913.0918753,195749,2.7348507543099942
1653124936.3257551,196249,2.64728968714231
1653124959.567609,196749,2.662339659135315
1653124982.8219292,197249,2.72595880974073
1653125005.9880059,197749,2.745697818140516
1653125029.1561573,198249,2.74093835857043
1653125052.4193938,198749,2.7110502914961656
1653125075.6141496,199249,2.7299152256730834
1653125098.7943895,199749,2.7300132428981656
1653125141.68848,200249,2.78976666730053
1653125164.958254,200749,2.7563908371146404
1653125188.140205,201249,2.761512023876748
1653125211.520445,201749,2.7564622052306116
1653125234.715631,202249,2.7548958876971428
1653125257.961131,202749,2.754044977979715
1653125281.1932735,203249,2.6740514452472333
1653125304.4834745,203749,2.7440885737591914
1653125327.762139,204249,2.781333359167491
1653125350.9856124,204749,2.6781445929992596
1653125374.2623312,205249,2.7033213598303223
1653125397.523787,205749,2.7517582263620306
1653125420.8139179,206249,2.847907203735899
1653125444.115438,206749,2.7449737043691758
1653125467.3039699,207249,2.772047538835929
1653125490.640371,207749,2.714871699244622
1653125513.958101,208249,2.7761788422343323
1653125537.0862932,208749,2.701018096241125
1653125560.2736735,209249,2.82083576055122
1653125583.4833314,209749,2.709639625327696
1653125626.2995453,210249,2.7529753034037374
1653125649.386735,210749,2.7729761537982656
1653125672.4536297,211249,2.803738314399272
1653125695.5687046,211749,2.7411177550472585
1653125718.762355,212249,2.792901090039025
1653125741.9416327,212749,2.80351085091216
1653125765.0855498,213249,2.779422498839646
1653125788.3137527,213749,2.7492218526094483
1653125811.522444,214249,2.865004433214656
1653125834.7936022,214749,2.751283803657838
1653125857.9848642,215249,2.7900946503588484
1653125881.2829928,215749,2.8052656080841203
1653125904.5674357,216249,2.8727002026805124
1653125927.685909,216749,2.73764401156515
1653125950.9801023,217249,2.839162757928244
1653125974.3370888,217749,2.7947730967800153
1653125997.494019,218249,2.794257916666447
1653126020.642097,218749,2.864729655001308
1653126044.0212007,219249,2.8437763079301903
1653126067.3556833,219749,2.837859517685906
1653126109.5777757,220249,2.8508154854451893
1653126132.8154213,220749,2.820963055268705
1653126156.0447092,221249,2.806534194167258
1653126179.2171535,221749,2.822584017023961
1653126202.5660636,222249,2.816942967287663
1653126225.6752942,222749,2.8759989281610214
1653126248.8358326,223249,2.827641706633057
1653126272.0454257,223749,2.8953832584225467
1653126295.3135273,224249,2.8496101756673897
1653126318.53577,224749,2.8569206341655033
1653126341.7312145,225249,2.8654524606373193
1653126364.8417346,225749,2.88421235565651
1653126388.1156888,226249,2.891251304708514
1653126411.3684454,226749,2.89474916850524
1653126434.6003284,227249,2.8397647823092074
1653126457.8184488,227749,2.8674303811444326
1653126480.9910655,228249,2.8304871173268955
1653126504.285418,228749,2.8816592459167714
1653126527.4800081,229249,2.8338173134195856
1653126550.7741256,229749,2.8711669942786213
1653126593.3226311,230249,2.897648771537376
1653126616.441628,230749,2.8703225997861974
1653126639.6959174,231249,2.88107077581783
1653126662.806676,231749,2.83112712646978
1653126686.075973,232249,2.8383265104148827
1653126709.3098483,232749,2.934206702378916
1653126732.5764143,233249,2.883742372655345
1653126755.8511007,233749,2.867662579377
1653126778.9582615,234249,2.823116066731324
1653126802.202131,234749,2.9183186907363585
1653126825.4277506,235249,2.841701578359827
1653126848.6477635,235749,2.913743239407951
1653126871.8757944,236249,2.8701625644932065
1653126895.0194101,236749,2.911846110181077
1653126918.3087451,237249,2.8800124504373645
1653126941.5692198,237749,2.8981676899954123
1653126964.8080487,238249,2.8928974063467017
1653126988.0787897,238749,2.8741319832261034
1653127011.492261,239249,2.863451776864574
1653127034.661196,239749,2.8018815267791064
1653127076.6258388,240249,2.9234167818753787
1653127099.8070655,240749,2.902697817287313
1653127123.01348,241249,2.8844729518072074
1653127146.2979486,241749,2.891833634000578
1653127169.5595338,242249,2.9052016761701798
1653127192.7850945,242749,2.8713006866133997
1653127215.966436,243249,2.958457245522591
1653127239.1128204,243749,2.8610221103063114
1653127262.2798285,244249,2.95597398585373
1653127285.440802,244749,2.895558329793823
1653127308.7717328,245249,2.949104574526214
1653127331.981866,245749,2.981985838339292
1653127355.2490332,246249,2.940694138926094
1653127378.5667737,246749,2.9135317005920895
1653127401.6717315,247249,2.960896123579969
1653127424.8501883,247749,2.9521221671251134
1653127448.0614839,248249,2.887002521017864
1653127471.3231666,248749,2.8975389660790603
1653127494.547803,249249,2.9022461480913115
1653127517.7886937,249749,2.9296618905948573
1653127560.2414813,250249,2.9705643439205525
1653127583.2707834,250749,2.9132689995914505
1653127606.3470738,251249,2.895098972016635
1653127629.4676766,251749,2.889774010347944
1653127652.7364664,252249,2.8535849765802412
1653127675.9679332,252749,2.9265932394102463
1653127699.151358,253249,2.932741990460866
1653127722.2959373,253749,2.899875236111691
1653127745.6278865,254249,2.945259285702253
1653127768.7899818,254749,2.903301176899905
1653127792.179567,255249,2.9589037304385566
1653127815.4091702,255749,2.9199982421706454
1653127838.6298962,256249,2.959502619328526
1653127861.8982172,256749,2.976148703320329
1653127885.208707,257249,2.977519161793985
1653127908.4324107,257749,2.9537109344440515
1653127931.6728525,258249,2.9537897703659075
1653127955.0743046,258749,2.984993564183639
1653127978.175804,259249,3.027214060946958
1653128001.3213336,259749,2.9593488573220137
1653128043.8141725,260249,2.981226193896594
1653128067.056201,260749,2.9679497553559804
1653128090.4646304,261249,2.9878546885931954
1653128113.6971118,261749,3.0464664100095042
1653128136.9653668,262249,2.958544180094882
1653128160.3745208,262749,2.9769718570952395
1653128183.6924486,263249,2.9500866025443
1653128207.0809624,263749,2.931239213619033
1653128230.4694498,264249,2.9859001617554437
1653128253.7239754,264749,3.0331668039932165
1653128277.0282676,265249,3.002940109144164
1653128300.3929682,265749,2.9650134905079173
1653128323.7085397,266249,2.9272401809953608
1653128346.9899523,266749,2.9715395285469537
1653128370.266133,267249,3.0186081812570547
1653128393.552195,267749,2.9886591062801253
1653128416.873135,268249,3.022949870231335
1653128440.3352425,268749,2.9865413168053454
1653128463.6811905,269249,3.024088432880018
1653128487.0695724,269749,2.9759804917308728
1653128528.523856,270249,2.9955667654361013
1653128551.7044377,270749,3.0068926032074343
1653128574.9873738,271249,3.0448559722507214
1653128598.2997642,271749,2.986302393700272
1653128621.586678,272249,3.029933807236311
1653128644.9452498,272749,2.997947186167562
1653128668.2963834,273249,3.0636815879638193
1653128691.5938053,273749,2.94854969042284
1653128714.8777523,274249,3.039822621223473
1653128738.2313778,274749,3.050961656926023
1653128761.6442652,275249,2.991735559171175
1653128784.9053576,275749,3.034188421118678
1653128808.1974125,276249,3.0533122286579446
1653128831.5313964,276749,3.010956387494178
1653128854.8997166,277249,3.0475207411343144
1653128878.1736474,277749,3.070311764451213
1653128901.4584746,278249,2.954566692145042
1653128924.6380255,278749,3.047498663468601
1653128948.0774198,279249,3.0873064020309458
1653128971.3555584,279749,3.1218148412296607
1653129016.2142422,280249,3.062753619330643
1653129039.4774773,280749,3.063777792610146
1653129062.6149414,281249,3.0520138689747007
1653129085.8267906,281749,3.0186167350851427
1653129109.1309493,282249,3.095655215573312
1653129132.510807,282749,3.0584668680038622
1653129155.853562,283249,3.0667474903225096
1653129179.008232,283749,3.031266001527064
1653129202.278258,284249,2.9757732688652303
1653129225.6512532,284749,3.0062824425848773
1653129248.925348,285249,3.029967762341679
1653129272.1216078,285749,3.047188082591091
1653129295.5006318,286249,3.0431902975074125
1653129318.853782,286749,3.0838519349800553
1653129342.28204,287249,3.0616468252244387
1653129365.6661747,287749,3.115297657255116
1653129389.0014255,288249,3.0895098240225827
1653129412.4035122,288749,3.0535973743486986
1653129435.7907798,289249,3.084019210285027
1653129459.1470964,289749,3.035651235589952
1653129501.349639,290249,3.1193015258541146
1653129524.6351516,290749,3.080451723153664
1653129547.8448575,291249,3.074507396336546
1653129571.1789684,291749,3.068067192042373
1653129594.5523293,292249,3.0273971849993178
1653129617.8584628,292749,3.0960907258404724
1653129641.2190883,293249,3.096522323805828
1653129664.5079138,293749,3.1168809047872563
1653129687.882038,294249,3.0366496736575384
1653129711.2119162,294749,3.031119655840077
1653129734.5225112,295249,3.1227816072420427
1653129757.8378208,295749,3.1212114145912286
1653129781.190111,296249,3.1036857737651924
1653129804.5372813,296749,3.0592316796535934
1653129827.8259323,297249,3.0570484350222595
1653129851.200365,297749,3.049473299068427
1653129874.508104,298249,3.1087047577326015
1653129897.7614272,298749,3.053565780672108
1653129921.094528,299249,3.0039012588910974
1653129944.3543804,299749,3.1034346108657265
1653129986.3427157,300249,3.1624962945002433
1653130009.6621933,300749,3.0829762814454162
1653130033.0273118,301249,3.1051928715558206
1653130056.2398753,301749,3.1617509098381222
1653130079.5570123,302249,3.1395965292516745
1653130102.7538414,302749,3.0677882845746365
1653130126.0914924,303249,3.1652552222646007
1653130149.473068,303749,3.101160143380915
1653130172.825202,304249,3.123085961121652
1653130196.146388,304749,3.1171707059353198
1653130219.4401026,305249,3.09014960730625
1653130242.7197354,305749,3.127636112791748
1653130265.917737,306249,3.107202563112294
1653130289.2322624,306749,3.1259314876780566
1653130312.4483862,307249,3.139722787945885
1653130335.7424097,307749,3.1584292721224263
1653130359.0144777,308249,3.1172655478837767
1653130382.350342,308749,3.1361885334711603
1653130405.6597204,309249,3.1474419657072685
1653130428.9877737,309749,3.167234656474072
1653130471.166661,310249,3.120717704650873
1653130494.420401,310749,3.1331858648437776
1653130517.6404452,311249,3.1582534576838652
1653130540.9967413,311749,3.1238138590185835
1653130564.2597296,312249,3.110136086746099
1653130587.5077095,312749,3.1943479625740454
1653130610.9068165,313249,3.153919240971434
1653130634.2267027,313749,3.139436846358196
1653130657.540142,314249,3.142298585843772
1653130680.8565202,314749,3.1676397148836855
1653130704.1424816,315249,3.158098293010083
1653130727.4292474,315749,3.1593848687225417
1653130750.804206,316249,3.151020401005363
1653130774.1426187,316749,3.147642917165813
1653130797.445531,317249,3.119903043631766
1653130820.723608,317749,3.1453758306904
1653130844.0963216,318249,3.158478783663188
1653130867.4102986,318749,3.1502613892970186
1653130890.7748344,319249,3.1765559023941345
1653130914.3114445,319749,3.1715562745299244
1653130956.8165755,320249,3.172997543231644
1653130980.0638518,320749,3.132581227955302
1653131003.344138,321249,3.1417478501648803
1653131026.697865,321749,3.1298652082038196
1653131050.1922443,322249,3.1428523566562983
1653131073.6502588,322749,3.153029976111663
1653131096.9471273,323249,3.1290481940611703
1653131120.2070787,323749,3.1738358334413244
1653131143.6033723,324249,3.131217585704579
1653131166.8020053,324749,3.212003030529863
1653131190.191992,325249,3.1533378124921145
1653131213.4714072,325749,3.180590695176569
1653131236.8976722,326249,3.1706155305697084
1653131260.2161841,326749,3.2161331626312077
1653131283.6048427,327249,3.166995494942017
1653131306.8957937,327749,3.2058025899653138
1653131330.2238877,328249,3.209529711019738
1653131353.4416187,328749,3.25840906293813
1653131376.722885,329249,3.1386233644716657
1653131399.9957561,329749,3.1625260570873897
1653131442.1413465,330249,3.1846684219561077
1653131465.269303,330749,3.137460086572222
1653131488.4524245,331249,3.18257369845869
1653131511.6140242,331749,3.262238511635999
1653131534.725565,332249,3.2107848855572083
1653131558.0362198,332749,3.249481219479932
1653131581.3289673,333249,3.25355753674467
1653131604.719695,333749,3.2040208988782255
1653131627.9636354,334249,3.201147178084217
1653131651.2064147,334749,3.1923089577029806
1653131674.4945707,335249,3.253528875417952
1653131697.6974576,335749,3.1643857192093874
1653131721.0274284,336249,3.1783740184800555
1653131744.2653205,336749,3.2263888673113197
1653131767.5894847,337249,3.20070741537055
1653131790.8657196,337749,3.2507174547664843
1653131814.236005,338249,3.2238967027190593
1653131837.494596,338749,3.2582245548269166
1653131860.7871048,339249,3.1999578055915077
1653131884.0074115,339749,3.243541329052227
1653131925.9264839,340249,3.3067977292631614
1653131949.0753207,340749,3.243992553840586
1653131972.3124824,341249,3.195942032203949
1653131995.6239111,341749,3.2684025654414683
1653132018.8275867,342249,3.242178393754666
1653132042.033504,342749,3.2169087166644896
1653132065.3571286,343249,3.2188082564346097
1653132088.5936677,343749,3.2075511949489384
1653132111.684426,344249,3.261351767504637
1653132135.0917835,344749,3.239359892875015
1653132158.4305906,345249,3.248712706139707
1653132181.711378,345749,3.2103528804568797
1653132205.0848098,346249,3.232349424921604
1653132228.346124,346749,3.272377762498723
1653132251.712098,347249,3.2614316720551697
1653132274.8604662,347749,3.2189166556088478
1653132298.3129356,348249,3.2484643621625544
1653132321.6223505,348749,3.2318645493504063
1653132345.0118144,349249,3.258386197840432
1653132368.289642,349749,3.2294996094061217
1653132410.2544048,350249,3.2742215537500394
1653132433.5886614,350749,3.226154077046782
1653132457.0583663,351249,3.237976527098981
1653132480.3785832,351749,3.2426970323979893
1653132503.6341527,352249,3.201033789410615
1653132526.8975315,352749,3.2503002947661908
1653132550.055361,353249,3.2275093837756783
1653132573.2664974,353749,3.2093204902465757
1653132596.6617117,354249,3.2626160051638773
1653132619.9356818,354749,3.2384773629645895
1653132643.3559725,355249,3.2849414771726133
1653132666.6436853,355749,3.264217509426408
1653132689.791135,356249,3.2914569852976383
1653132713.0803216,356749,3.2298736680385383
1653132736.361649,357249,3.251036133881992
1653132759.7955177,357749,3.2096939200851495
1653132783.2169292,358249,3.235164099740926
1653132806.5215652,358749,3.2713178738753386
1653132829.828011,359249,3.2864678192418944
1653132853.1130235,359749,3.262675130373359
1653132895.33214,360249,3.2383222222343
1653132918.5550253,360749,3.28307714141232
1653132941.841589,361249,3.2490106174124413
1653132965.0834324,361749,3.269145101369828
1653132988.4182715,362249,3.3006267912900302
1653133011.6018465,362749,3.2469602875109387
1653133034.9722111,363249,3.2687032701095786
1653133058.2596602,363749,3.3251032841522026
1653133081.550669,364249,3.2083356573216437
1653133104.9059093,364749,3.2836359405193707
1653133128.1550648,365249,3.3599418106069243
1653133151.5511074,365749,3.3077647467250664
1653133174.8919573,366249,3.2659527828197397
1653133198.1543481,366749,3.2555327612959535
1653133221.4874115,367249,3.297763675517028
1653133244.8475194,367749,3.3473210151336152
1653133268.1348543,368249,3.3388423881058906
1653133291.5315142,368749,3.2484642064501084
1653133314.7808988,369249,3.305251387211296
1653133338.0665855,369749,3.2897727980966938
1653133380.2497163,370249,3.2786846356352206
1653133403.454739,370749,3.1962016004685134
1653133426.649745,371249,3.3121079656919505
1653133449.9554732,371749,3.277634687885394
1653133473.106486,372249,3.2754393546515597
1653133496.49067,372749,3.3622479939740626
1653133519.8423162,373249,3.263466959929413
1653133543.211754,373749,3.3406445611885145
1653133566.480328,374249,3.311604905186287
1653133589.6818483,374749,3.224172741720996
1653133612.9231684,375249,3.336220619979218
1653133636.2446895,375749,3.2580533580571673
1653133659.4386535,376249,3.3286716222557673
1653133682.70936,376749,3.30719816398228
1653133706.0613434,377249,3.379717636244634
1653133729.4410417,377749,3.308857574473614
1653133752.7867868,378249,3.2618073558404643
1653133775.9837852,378749,3.2745802130013835
1653133799.2630167,379249,3.351215009865552
1653133822.5788977,379749,3.3011408977380103
1653133865.478702,380249,3.3376686138747753
1653133888.8226275,380749,3.342000529236082
1653133912.00051,381249,3.345002493007694
1653133935.3350375,381749,3.3053843292757104
1653133958.4108784,382249,3.35729402716163
1653133981.5258658,382749,3.3195485279581325
1653134004.735036,383249,3.307517741516137
1653134028.006544,383749,3.3110860162426508
1653134051.2700717,384249,3.3663399183053153
1653134074.487318,384749,3.3187503611533984
1653134097.8545573,385249,3.2642430859675797
1653134121.2060318,385749,3.4061952213777
1653134144.525672,386249,3.363705483362482
1653134167.913612,386749,3.339945083328591
1653134191.2908182,387249,3.4100791869226468
1653134214.5582948,387749,3.3647160730219
1653134237.8047242,388249,3.3511241065579944
1653134261.1975713,388749,3.325416147248593
1653134284.6288226,389249,3.384661227739982
1653134307.9892101,389749,3.2888490361105913
1653134350.248494,390249,3.389028238231339
1653134373.4125268,390749,3.357922508502532
1653134396.6113417,391249,3.326426117605708
1653134419.8402812,391749,3.354959097654257
1653134443.086602,392249,3.3917068855175097
1653134466.478322,392749,3.389429679947279
1653134489.7633781,393249,3.3227711002036875
1653134512.9832644,393749,3.325268713722822
1653134536.2468264,394249,3.3779625474499495
1653134559.5948906,394749,3.3433446053667906
1653134582.9067466,395249,3.360607695302962
1653134606.2647498,395749,3.378781833844655
1653134629.6254218,396249,3.3474990550777655
1653134652.8795345,396749,3.3921195974331586
1653134676.103106,397249,3.388182340718623
1653134699.3275502,397749,3.3559021134747193
1653134722.5680068,398249,3.3446443672645256
1653134745.8132389,398749,3.288309327996674
1653134769.116699,399249,3.3675953146697246
1653134792.5094016,399749,3.389060466670985
1653134834.472647,400249,3.313985972403704
1653134857.8295782,400749,3.36691829906751
1653134881.0267723,401249,3.3829868477990113
1653134904.467459,401749,3.3153865843957107
1653134927.8442276,402249,3.319423290328663
1653134951.1291795,402749,3.4387004238056025
1653134974.3316872,403249,3.351381292568509
1653134997.6178548,403749,3.335315719684516
1653135020.9466794,404249,3.4010014018036707
1653135044.1861854,404749,3.4082685462778644
1653135067.4627016,405249,3.3443578497949864
1653135090.7744238,405749,3.4249797621438436
1653135114.019485,406249,3.3261684563608567
1653135137.3518474,406749,3.391879690198901
1653135160.6891603,407249,3.360340794168891
1653135183.9832804,407749,3.39715991506858
1653135207.2195756,408249,3.312845790549107
1653135230.462289,408749,3.4106814636797673
1653135253.9192955,409249,3.388272235216508
1653135277.237304,409749,3.325740497942884
1653135319.645082,410249,3.381141608215011
1653135342.9442065,410749,3.3776908364112326
1653135366.24896,411249,3.3933621357022283
1653135389.5764048,411749,3.318964946443363
1653135412.9002163,412249,3.3477497403835934
1653135436.0999248,412749,3.3666089306731135
1653135459.3306022,413249,3.382721340813311
1653135482.5859342,413749,3.435493473950582
1653135505.8399827,414249,3.415542642978733
1653135529.0918903,414749,3.4026167255192603
1653135552.2677078,415249,3.37388148097873
1653135575.4648132,415749,3.3624026840674612
1653135598.7721527,416249,3.3433776998617812
1653135622.0642598,416749,3.364879576159199
1653135645.345953,417249,3.397002523660983
1653135668.6773062,417749,3.4021797725326457
1653135692.0820882,418249,3.4188699988498703
1653135715.3746164,418749,3.443386780767383
1653135738.7305803,419249,3.4583783828768775
1653135762.048431,419749,3.4128124173623386
1653135804.3979917,420249,3.4024764312044327
1653135827.6485255,420749,3.363738196440527
1653135850.908274,421249,3.4787455377740373
1653135874.1728127,421749,3.4394644595473847
1653135897.4123101,422249,3.4125117086672017
1653135920.6009614,422749,3.4079536075958137
1653135943.8647115,423249,3.4316121120097005
1653135967.2024755,423749,3.3944772792165447
1653135990.494648,424249,3.4302135051981124
1653136013.8230753,424749,3.402280738924803
1653136037.044038,425249,3.498767521427272
1653136060.3425605,425749,3.4373474972333797
1653136083.768033,426249,3.460969866127935
1653136107.0672123,426749,3.374990658140084
1653136130.5326111,427249,3.397085219691201
1653136153.8205981,427749,3.4196219899900524
1653136177.0903223,428249,3.4053791735149974
1653136200.454873,428749,3.45289187929898
1653136223.8125582,429249,3.415686469841339
1653136247.0568712,429749,3.5040988616406477
1653136289.852404,430249,3.4032930302370543
1653136313.1327085,430749,3.3757778898811215
1653136336.4159777,431249,3.4705542343078903
1653136359.7500768,431749,3.412058658488757
1653136383.076696,432249,3.412441023184006
1653136406.4056215,432749,3.440856145989976
1653136429.5321221,433249,3.477749674144754
1653136452.7132978,433749,3.3990159290365636
1653136475.842826,434249,3.4083635249517794
1653136499.0703762,434749,3.5191560986940575
1653136522.386948,435249,3.4623664096822657
1653136545.6260786,435749,3.468711326395015
1653136568.9870925,436249,3.4484243761386852
1653136592.3142211,436749,3.430697932689642
1653136615.618754,437249,3.451340243175802
1653136638.9137027,437749,3.4336305402562437
1653136662.1823459,438249,3.4506294443409407
1653136685.486905,438749,3.453931353390779
1653136708.809411,439249,3.4444261517196413
1653136732.0849848,439749,3.418758715995212
1653136774.5671458,440249,3.514848743237426
1653136797.7051823,440749,3.4128142020132235
1653136820.8738286,441249,3.4758009882385075
1653136844.078142,441749,3.4149987724153017
1653136867.3274074,442249,3.4512883969330406
1653136890.574363,442749,3.493886240302764
1653136913.9010692,443249,3.476199618506509
1653136937.289777,443749,3.406405040788229
1653136960.6333497,444249,3.4470248288926455
1653136983.959317,444749,3.4399601430995546
1653137007.2825387,445249,3.4022298823599186
1653137030.581294,445749,3.487053092474432
1653137053.8624763,446249,3.488857568854312
1653137077.143752,446749,3.4409725968182485
1653137100.5070362,447249,3.499290954504958
1653137123.7739904,447749,3.5086216812329973
1653137147.067758,448249,3.520377216231065
1653137170.3265016,448749,3.4844891922391703
1653137193.4891486,449249,3.46893009410208
1653137216.7172494,449749,3.470157625115722
1653137259.7632194,450249,3.3842321120164236
1653137282.9846427,450749,3.501910971603033
1653137306.3951352,451249,3.436372444146858
1653137329.602701,451749,3.4891161496376824
1653137352.8089638,452249,3.4950671372556075
1653137376.0896153,452749,3.4838884203448184
1653137399.2773054,453249,3.4577472320634874
1653137422.5411198,453749,3.4375271687669553
1653137445.8094747,454249,3.469077882740193
1653137469.1807997,454749,3.4963751373199883
1653137492.5150437,455249,3.4657454305713253
1653137515.867146,455749,3.509010049991903
1653137539.167293,456249,3.5242504931485117
1653137562.598033,456749,3.45996622505715
1653137585.90058,457249,3.4693190500391964
1653137609.2091825,457749,3.4789575250117024
1653137632.537827,458249,3.438015448801491
1653137655.9416847,458749,3.509483883499772
1653137679.1442618,459249,3.4910763533085807
1653137702.4656174,459749,3.484150448538969
1653137744.4409614,460249,3.4475699199412264
1653137767.708373,460749,3.4531803157629706
1653137791.0011978,461249,3.5299252131351615
1653137814.2528543,461749,3.4584709812295085
1653137837.445161,462249,3.486146703032812
1653137860.6707273,462749,3.5485168686998168
1653137884.0005808,463249,3.516483846242657
1653137907.3063908,463749,3.5163474309382363
1653137930.5902116,464249,3.499135641658372
1653137953.801712,464749,3.5766467252982284
1653137977.1478436,465249,3.4725159848955975
1653138000.557898,465749,3.4472738814153816
1653138023.8801513,466249,3.4819798590013664
1653138047.2182364,466749,3.4425628180037857
1653138070.4734557,467249,3.486719913069651
1653138093.90714,467749,3.493924350958655
1653138117.1502469,468249,3.497416617003727
1653138140.4157436,468749,3.4961755471216267
1653138163.7392251,469249,3.424671950437916
1653138187.0369847,469749,3.4974292200166976
1653138229.7679849,470249,3.5367876808342475
1653138253.073438,470749,3.508229184862456
1653138276.3905087,471249,3.551594910890668
1653138299.7340553,471749,3.5077736138315903
1653138322.8919916,472249,3.4717474129534347
1653138346.2385485,472749,3.490999010910564
1653138369.47914,473249,3.4909537084021176
1653138392.7344458,473749,3.5103360225529054
1653138416.0277493,474249,3.47384897034995
1653138439.3372772,474749,3.5147069614685305
1653138462.6799314,475249,3.543953379915529
1653138485.926296,475749,3.573085394326834
1653138509.2095604,476249,3.5459256565964
1653138532.5168781,476749,3.5087872042702166
1653138555.8448517,477249,3.517467679829004
1653138579.0944118,477749,3.5132974773108003
1653138602.4717324,478249,3.518798911030596
1653138625.643692,478749,3.4585339951452925
1653138649.012219,479249,3.4633599381766897
1653138672.3518639,479749,3.5341070198808366
1653138714.966719,480249,3.526094736193398
1653138738.275934,480749,3.54491858450205
1653138761.5008092,481249,3.5699277867185732
1653138784.791233,481749,3.5151643568989237
1653138808.0342655,482249,3.5355990627786844
1653138831.3256593,482749,3.5137214724365795
1653138854.5620263,483249,3.5264815095808597
1653138877.8072748,483749,3.5925555747030584
1653138901.076316,484249,3.555290289747923
1653138924.2998884,484749,3.5081445620882317
1653138947.5102072,485249,3.543269528556859
1653138970.678731,485749,3.6056302877146877
1653138993.9862962,486249,3.517353883383638
1653139017.365813,486749,3.5762655882677037
1653139040.7508008,487249,3.58867390763352
1653139064.0301044,487749,3.538631169523306
1653139087.263095,488249,3.5367108026840275
1653139110.5642529,488749,3.5600364902136565
1653139133.8210537,489249,3.5267280421248826
1653139157.134853,489749,3.518425377828901
1653139200.8756208,490249,3.564895588712702
1653139224.1499622,490749,3.539462363247827
1653139247.511275,491249,3.5952903820164184
1653139270.7984133,491749,3.4736834097068288
1653139295.0902967,492249,3.5218994140390776
1653139318.6971357,492749,3.5872758527255573
1653139342.1588476,493249,3.5191698328251957
1653139365.4126973,493749,3.5944821116845302
1653139388.7706563,494249,3.542327920353299
1653139412.092907,494749,3.5234271727127324
1653139435.601241,495249,3.605280807911775
1653139459.0705073,495749,3.576852027363436
1653139482.5462034,496249,3.519960172043264
1653139505.8661218,496749,3.542881520017019
1653139530.1122282,497249,3.592451924574413
1653139554.056528,497749,3.537502057521103
1653139578.2090523,498249,3.6103300485077177
1653139601.6293788,498749,3.5196049784168597
1653139625.6185372,499249,3.540153883388821
1653139650.6794028,499749,3.549468525977054
1653139694.515541,500249,3.5434172218316986
1653139718.3356614,500749,3.537787170836477
1653139742.1807675,501249,3.504693053490557
1653139766.3485572,501749,3.640980423960592
1653139790.3813405,502249,3.5630654322106965
1653139815.1395106,502749,3.5966236484053207
1653139839.4990308,503249,3.5802972515423797
1653139863.0451229,503749,3.568592704397438
1653139886.345713,504249,3.597205741434203
1653139909.6060336,504749,3.602740120207318
1653139932.9972274,505249,3.517380630922741
1653139956.7990413,505749,3.6597751633105022
1653139981.3181398,506249,3.5731425065552918
1653140005.038443,506749,3.563884525791025
1653140028.3762596,507249,3.6337776664506762
1653140052.1007657,507749,3.5376424711898364
1653140075.734013,508249,3.55033147827881
1653140099.236026,508749,3.587764473734313
1653140123.4544516,509249,3.569625545092457
1653140146.8854067,509749,3.6345691737755788
1653140190.6348138,510249,3.6475248125751496
1653140214.0859292,510749,3.5971863780698126
1653140237.563473,511249,3.617810819906527
1653140260.9373605,511749,3.5229317935200317
1653140284.4929807,512249,3.57962245273368
1653140308.4380322,512749,3.547148725179277
1653140333.2895994,513249,3.5692446265999793
1653140357.13792,513749,3.574063696945442
1653140380.8280828,514249,3.586987816207895
1653140404.4488146,514749,3.599481580847522
1653140427.8824205,515249,3.6045732407961553
1653140452.0951939,515749,3.601228422277029
1653140476.2132814,516249,3.552970137246235
1653140500.36497,516749,3.553607027657469
1653140524.076235,517249,3.635206831804176
1653140548.2838182,517749,3.6284100446496153
1653140572.9073758,518249,3.599464185740888
1653140597.8172193,518749,3.598977463355074
1653140621.5357988,519249,3.611126413818459
1653140644.9900718,519749,3.56088211438957
1653140688.1237724,520249,3.5972768452693464
1653140711.5000257,520749,3.6375304400912998
1653140734.7857628,521249,3.5992584219895183
1653140758.0072598,521749,3.625925117424044
1653140781.2583814,522249,3.56849938933805
1653140804.5049088,522749,3.6017053186164176
1653140827.772671,523249,3.6453333827206404
1653140850.8775969,523749,3.6156708807881484
1653140874.0398295,524249,3.556652450954384
1653140897.309176,524749,3.6080105370832616
1653140920.7003639,525249,3.592999915558501
1653140944.065426,525749,3.6234071988881094
1653140967.3898702,526249,3.6071513106074153
1653140990.7938309,526749,3.6153194482724884
1653141014.3891456,527249,3.6014006867460564
1653141037.6834393,527749,3.5743111629255058
1653141061.0312018,528249,3.5829324099345783
1653141084.3530688,528749,3.604801209848104
1653141107.7211103,529249,3.599761357054722
1653141131.112396,529749,3.6447635368594566
1653141173.8974614,530249,3.6113334954347254
1653141197.3954856,530749,3.669796871074047
1653141220.5928197,531249,3.590794787156029
1653141243.8274395,531749,3.6122842008954357
1653141267.1108532,532249,3.6273576155408556
1653141290.3782427,532749,3.6082676007341705
1653141313.87506,533249,3.6142205191108503
1653141337.1388934,533749,3.5790529745418507
1653141360.5334725,534249,3.689995144461722
1653141383.8876202,534749,3.6362644440417906
1653141407.0982387,535249,3.642160403383603
1653141430.3371818,535749,3.6117992563801473
1653141453.656894,536249,3.724473272361248
1653141477.0057776,536749,3.610242490249233
1653141500.4506526,537249,3.6470047978311
1653141523.7543721,537749,3.6310156103870024
1653141547.185049,538249,3.6705494925002515
1653141570.4426165,538749,3.6662142778246816
1653141593.7608287,539249,3.622686801815018
1653141617.028706,539749,3.6210158384912674
1653141660.1705127,540249,3.641009896665685
1653141683.4904401,540749,3.622701497347209
1653141706.8087165,541249,3.678799458197518
1653141730.109351,541749,3.6138917655762426
1653141753.5021513,542249,3.682190902723407
1653141776.814008,542749,3.6590011779303517
1653141800.1087565,543249,3.653009631096868
1653141823.2595823,543749,3.7145917258150964
1653141846.5855813,544249,3.6387285616936813
1653141870.0008957,544749,3.67537679562886
1653141893.3938267,545249,3.5672867157667523
1653141916.8301258,545749,3.6285317591522004
1653141940.1522226,546249,3.685386016128703
1653141963.5083191,546749,3.6240967483451394
1653141986.8998482,547249,3.645539576119335
1653142010.3069642,547749,3.632219373506183
1653142033.6677814,548249,3.641407869165546
1653142056.9164443,548749,3.6312074583731855
1653142080.077617,549249,3.65162014376021
1653142103.3404434,549749,3.617860096181129
1653142146.5937426,550249,3.630215141501464
1653142169.9923627,550749,3.6417595663417277
1653142193.37651,551249,3.6642181463595542
1653142216.723749,551749,3.6138090964863285
1653142239.991686,552249,3.672414323860691
1653142263.3346424,552749,3.673854935168072
1653142286.5981324,553249,3.6351407539705884
1653142309.9447699,553749,3.6781036443491377
1653142333.2515767,554249,3.6950852023010197
1653142356.580423,554749,3.6799582029108917
1653142379.87913,555249,3.6627702547154275
1653142403.199318,555749,3.609900241217075
1653142426.5370357,556249,3.636064717675218
1653142450.236282,556749,3.634534374824915
1653142474.6084864,557249,3.691766878408089
1653142499.6969156,557749,3.6725146532620623
1653142524.9535189,558249,3.6967153105359483
1653142548.4844406,558749,3.6472828496081564
1653142572.2158833,559249,3.7106534123835906
1653142595.7804015,559749,3.6954811951176043
1653142639.1575944,560249,3.6477110769218872
1653142662.5728886,560749,3.7021589856837696
1653142685.9908829,561249,3.6937106517752953
1653142709.392661,561749,3.6745607613064553
1653142732.9029996,562249,3.672482234042312
1653142756.2301824,562749,3.673903472836181
1653142779.5623229,563249,3.7510059173280506
1653142802.9546752,563749,3.671732149187067
1653142826.3743253,564249,3.6274042110603677
1653142850.030613,564749,3.6483642538548193
1653142873.543724,565249,3.705546962777035
1653142896.8905566,565749,3.6663232200156832
1653142920.285275,566249,3.774054418986818
1653142943.6944122,566749,3.6799157226106365
1653142967.097458,567249,3.716048036485913
1653142990.490695,567749,3.695008719512887
1653143013.871642,568249,3.7502333678741704
1653143037.2563741,568749,3.693676268888613
1653143060.6331065,569249,3.670128918587745
1653143083.9240582,569749,3.732017936776829
1653143127.3810854,570249,3.7152640401505006
1653143150.7486732,570749,3.7573208680244963
1653143174.1552453,571249,3.656279385701978
1653143197.5548093,571749,3.6704396151828544
1653143220.8986025,572249,3.67355330358488
1653143244.2363486,572749,3.7058057755697984
1653143267.5743132,573249,3.71273397240315
1653143290.8117065,573749,3.6719124251783124
1653143314.106312,574249,3.6471006045005643
1653143337.45297,574749,3.69064041159062
1653143360.9681885,575249,3.6919157093333124
1653143384.369585,575749,3.677600135473993
1653143407.667923,576249,3.6589100914811086
1653143430.9205165,576749,3.716051024635102
1653143454.3199284,577249,3.7069856523314546
1653143477.6149755,577749,3.6832118525679247
1653143500.8415675,578249,3.733953581470385
1653143524.207706,578749,3.7247919947728887
1653143547.5400941,579249,3.663108407176238
1653143570.8888452,579749,3.678393888310797
1653143613.9685018,580249,3.685267083906432
1653143637.4246223,580749,3.697583544083543
1653143660.6630483,581249,3.7617578327292622
1653143684.0315235,581749,3.7272741002477523
1653143707.329778,582249,3.6804897867128408
1653143730.5064378,582749,3.6832947197020744
1653143753.843832,583249,3.758455347403529
1653143777.2216387,583749,3.718496534407749
1653143800.4661474,584249,3.729175097822855
1653143823.6635754,584749,3.7053219084351023
1653143846.9474068,585249,3.6595982396445614
1653143870.2669017,585749,3.755004731403684
1653143893.5655968,586249,3.6650854336177945
1653143916.933664,586749,3.6999194105490796
1653143940.2803319,587249,3.7169978597246933
1653143963.5642002,587749,3.751154814073891
1653143986.8330562,588249,3.680505147134062
1653144010.2209504,588749,3.7103208542878745
1653144033.3675084,589249,3.663580766783709
1653144056.6181157,589749,3.7252058355311854
1653144099.6981356,590249,3.732696634587205
1653144122.969194,590749,3.6916995779435773
1653144146.122914,591249,3.696686455364436
1653144169.3383646,591749,3.6775305597042434
1653144192.5676758,592249,3.7949616270063253
1653144215.8422704,592749,3.721083422215891
1653144239.2648838,593249,3.714902466414241
1653144262.687156,593749,3.691927068067197
1653144286.0183232,594249,3.7412199570173095
1653144309.3219974,594749,3.736071920308407
1653144332.6227705,595249,3.6820894368230923
1653144355.9918342,595749,3.7408287620690737
1653144379.3343058,596249,3.7796167796244826
1653144402.81784,596749,3.7483709422904794
1653144426.2596378,597249,3.7409660658175863
1653144449.6115901,597749,3.728642647668564
1653144472.848955,598249,3.754556994662019
1653144496.030832,598749,3.709460971438071
1653144519.4386003,599249,3.6739046497818992
1653144542.7304041,599749,3.766504285347972
1653144585.3134232,600249,3.7363354001133895
1653144608.6445916,600749,3.7305289619283593
1653144631.9724197,601249,3.7308277087397457
1653144655.320685,601749,3.7518078729691244
1653144678.5879486,602249,3.7203613609344433
1653144701.8350358,602749,3.7157994712350075
1653144724.930482,603249,3.768434246819023
1653144748.165334,603749,3.7747147958591145
1653144771.4421663,604249,3.7910959388545233
1653144794.8116033,604749,3.701946238513132
1653144818.1861458,605249,3.746295894593529
1653144841.377138,605749,3.7764453297987144
1653144864.6379368,606249,3.6724054156261174
1653144887.9729629,606749,3.719895306192022
1653144911.2605748,607249,3.7224989408817604
1653144934.5712657,607749,3.7904319602445065
1653144957.961042,608249,3.7431049753434134
1653144981.2404895,608749,3.706088144721417
1653145004.5472114,609249,3.683511604532673
1653145027.8949237,609749,3.751279951532632
1653145070.3160868,610249,3.8082698750334734
1653145093.3911953,610749,3.741547108928021
1653145116.5521846,611249,3.722347659301897
1653145139.7902188,611749,3.7407650992452637
1653145163.1334088,612249,3.745438477997385
1653145186.5503721,612749,3.7490125033037325
1653145209.931696,613249,3.816122629719036
1653145233.2748008,613749,3.7442099460258866
1653145256.5792108,614249,3.753052767877405
1653145279.9041705,614749,3.753526777642621
1653145303.1535842,615249,3.7514349910623195
1653145326.4274883,615749,3.7497057187360805
1653145349.759805,616249,3.653941455123987
1653145373.226647,616749,3.738277615272954
1653145396.581157,617249,3.747614489701288
1653145420.0200489,617749,3.7339951929506405
1653145443.286909,618249,3.7851362768295678
1653145466.5862293,618749,3.684928093545265
1653145489.9652517,619249,3.758760769798648
1653145513.2786727,619749,3.776143636939661
1653145555.9969044,620249,3.811712838016901
1653145579.3610911,620749,3.7427472153845103
1653145602.6436474,621249,3.759861985803118
1653145626.037245,621749,3.78992996154769
1653145649.2980785,622249,3.760478066091021
1653145672.626593,622749,3.729558724654858
1653145695.9098563,623249,3.7730227809889594
1653145719.1712906,623749,3.738103458510942
1653145742.578969,624249,3.762144834979452
1653145765.994425,624749,3.7509212165778307
1653145789.133094,625249,3.6948203725864976
1653145812.4950557,625749,3.670920458507283
1653145835.757278,626249,3.8183597263644447
1653145859.1231909,626749,3.74751565552918
1653145882.4847958,627249,3.769496516663066
1653145905.7543461,627749,3.7777841236249596
1653145929.015848,628249,3.759548898932743
1653145952.3776278,628749,3.78425714312778
1653145975.7018657,629249,3.7159062663846454
1653145999.042248,629749,3.7682520008132103
1653146042.0900865,630249,3.811641280599765
1653146065.471497,630749,3.75392012013755
1653146088.8057308,631249,3.7434495975567117
1653146112.0268118,631749,3.7449275354081575
1653146135.4683316,632249,3.7128548858240613
1653146158.8801181,632749,3.7717537591421104
1653146182.1753714,633249,3.7322884412733535
1653146205.5470085,633749,3.800811865776659
1653146228.9954944,634249,3.727407578508281
1653146252.342823,634749,3.8138799155889456
1653146275.6548216,635249,3.7280894171787264
1653146298.9661257,635749,3.7380892887349737
1653146322.356689,636249,3.7752297604152356
1653146345.7852476,636749,3.8013888399708686
1653146369.032091,637249,3.743709669675872
1653146392.322575,637749,3.7794137202943543
1653146415.6439688,638249,3.756165765140814
1653146439.0142708,638749,3.8083878835803473
1653146462.3201697,639249,3.8263817369119706
1653146485.7110934,639749,3.755965775801836
1653146529.1634703,640249,3.7801917317517812
1653146552.52432,640749,3.848139694101942
1653146575.8386095,641249,3.7675691165183425
1653146599.1427352,641749,3.778924758265981
1653146622.512212,642249,3.8128336174044937
1653146645.7848828,642749,3.7874077734666756
1653146669.1146612,643249,3.8024561946938475
1653146692.4203722,643749,3.754140537651833
1653146715.6564891,644249,3.798533227157725
1653146738.8657098,644749,3.76249190287048
1653146762.0625277,645249,3.7340356440529585
1653146785.2547643,645749,3.8273383170740525
1653146808.4659307,646249,3.7191397964665502
1653146831.7065861,646749,3.7959347831045753
1653146855.0689933,647249,3.7586643288215047
1653146878.3979897,647749,3.7612284358297656
1653146901.794521,648249,3.803464648790576
1653146924.9646044,648749,3.7912051373985176
1653146948.2670734,649249,3.826338452259041
1653146971.612918,649749,3.725710559346429
1653147015.1374843,650249,3.777481627870806
1653147038.42816,650749,3.81329200583523
1653147061.6927266,651249,3.8846260878901075
1653147084.9284983,651749,3.765414294910162
1653147108.278838,652249,3.7728302148729953
1653147131.6216433,652749,3.7997298249246394
1653147154.9362335,653249,3.7917835275352005
1653147178.1369185,653749,3.77213272914542
1653147201.3593042,654249,3.8318549643804407
1653147224.7059314,654749,3.7957065447891774
1653147247.877685,655249,3.7971592150715097
1653147271.1333196,655749,3.7988533716499577
1653147294.506294,656249,3.7644989556832074
1653147317.8077412,656749,3.856069377820673
1653147341.0364878,657249,3.7870161540970817
1653147364.3392274,657749,3.79487208781428
1653147387.5959027,658249,3.746454363113058
1653147411.0471914,658749,3.8600306089253325
1653147434.452672,659249,3.8943685485896173
1653147457.7939959,659749,3.8243839861992757
1653147500.307905,660249,3.787645184269869
1653147523.6064265,660749,3.791153795091898
1653147546.828293,661249,3.818589257291462
1653147570.0323133,661749,3.811766199071018
1653147593.3468504,662249,3.767726637637579
1653147616.7357793,662749,3.854241236128707
1653147640.0448146,663249,3.7733642095680393
1653147663.4465733,663749,3.7982485052712565
1653147686.7575343,664249,3.7801590227430033
1653147710.0042849,664749,3.8459445872227236
1653147733.1829672,665249,3.792809440308788
1653147756.404345,665749,3.8028607250652002
1653147779.7299333,666249,3.842635307141407
1653147802.9315438,666749,3.8071289078588317
1653147826.0897033,667249,3.8105898108216962
1653147849.2645395,667749,3.7913860835206235
1653147872.6283762,668249,3.8767205435905177
1653147895.913533,668749,3.811468788187067
1653147919.1840363,669249,3.782785370271791
1653147942.3578036,669749,3.758571820706329
1653147985.446832,670249,3.8235347956854304
1653148008.6605303,670749,3.796623020425132
1653148032.498898,671249,3.7675782669735307
1653148056.1580086,671749,3.774390902872651
1653148080.1465034,672249,3.812539921474735
1653148104.4108174,672749,3.810991365028788
1653148127.8150897,673249,3.7978764488679606
1653148152.305004,673749,3.811054736418119
1653148176.1055937,674249,3.878129596669677
1653148200.2070272,674749,3.795670225849561
1653148223.7017403,675249,3.8241615598531458
1653148247.2545717,675749,3.816741612847747
1653148270.73224,676249,3.8403945641238817
1653148294.2014382,676749,3.749968658004808
1653148318.3876395,677249,3.8423224392690907
1653148341.8366566,677749,3.8241064643038842
1653148365.2749984,678249,3.8257331873465734
1653148389.834372,678749,3.8198641777965676
1653148414.220401,679249,3.796893520572541
1653148438.0374987,679749,3.828332029101208
1653148481.312753,680249,3.846323286118149
1653148504.647948,680749,3.8306042526817787
1653148527.9860396,681249,3.8131383211170924
1653148551.3474412,681749,3.8480509802827263
1653148574.8086038,682249,3.7947509715252994
1653148598.2777784,682749,3.8369560782081935
1653148621.6960337,683249,3.789731678111277
1653148645.0237272,683749,3.8573880969269485
1653148668.2560456,684249,3.854453083310111
1653148691.7003043,684749,3.8273055255711643
1653148715.147602,685249,3.8166982933114686
1653148738.5909572,685749,3.801912855773199
1653148761.986295,686249,3.836562299302453
1653148785.3149881,686749,3.741887135974769
1653148808.8640544,687249,3.820208856643147
1653148832.5240586,687749,3.806779578555077
1653148855.882945,688249,3.856300067328038
1653148879.2137682,688749,3.8135492993317657
1653148902.6306458,689249,3.828003293307954
1653148926.0403829,689749,3.812397510711769
1653148969.6856883,690249,3.820892934948011
1653148992.9502325,690749,3.8929551476622946
1653149016.3359482,691249,3.82206233303469
1653149039.654413,691749,3.865289803098868
1653149063.1471298,692249,3.8094833778071315
1653149086.3592975,692749,3.817129751852446
1653149109.5219364,693249,3.8371249768285387
1653149132.7808576,693749,3.842021211471474
1653149156.1759253,694249,3.845776393455555
1653149179.4781806,694749,3.857040362360696
1653149202.6237195,695249,3.8320374541055906
1653149225.9159608,695749,3.8274858841128596
1653149249.2095957,696249,3.8610238902150646
1653149272.5165458,696749,3.8409260776388394
1653149295.7895744,697249,3.841668328032468
1653149319.077554,697749,3.78965165738761
1653149342.39071,698249,3.7875678910379147
1653149365.674589,698749,3.8788182461069107
1653149389.0542765,699249,3.854506391533263
1653149412.398119,699749,3.8068322220948962
1653149457.2809026,700249,3.9117795930760098
1653149480.5195959,700749,3.81704832518638
1653149503.7159433,701249,3.834497103125459
1653149526.993539,701749,3.8786435314906194
1653149550.3324873,702249,3.847696707195517
1653149573.5731506,702749,3.8808859721752142
1653149596.9444554,703249,3.8636236635010586
1653149620.282019,703749,3.8399242201160786
1653149643.5675542,704249,3.895084070713656
1653149666.8162677,704749,3.860745678900208
1653149689.9317565,705249,3.809340233848213
1653149713.2440457,705749,3.8344361459410186
1653149736.6336663,706249,3.8751061744776965
1653149759.83634,706749,3.8641968462869563
1653149783.2093155,707249,3.85606395111823
1653149806.460225,707749,3.8458308968699066
1653149829.7647846,708249,3.8357715481284247
1653149853.047301,708749,3.8984300677036576
1653149876.4439714,709249,3.820728531098748
1653149899.6743972,709749,3.9123191591728963
1653149944.0250607,710249,3.8576750696444324
1653149967.3076098,710749,3.8676978305464926
1653149990.7025628,711249,3.8509271915519436
1653150014.0223417,711749,3.8398918040298478
1653150037.2965248,712249,3.9165109069899393
1653150060.6717966,712749,3.8630780048268654
1653150084.0820053,713249,3.8388338607369588
1653150107.4735386,713749,3.866568649075288
1653150130.8995287,714249,3.887651624854324
1653150154.1848192,714749,3.8460149074181262
1653150177.4694126,715249,3.8406318805384965
1653150200.8710892,715749,3.8811032834304875
1653150224.1245613,716249,3.8540499247409237
1653150247.4070923,716749,3.921153365156404
1653150270.7720451,717249,3.8590581225816605
1653150293.9300592,717749,3.797450482476458
1653150317.2292333,718249,3.859678234380668
1653150340.6115472,718749,3.9202731715596757
1653150363.9155028,719249,3.923380520516566
1653150387.1517792,719749,3.855377675140052
1653150430.0251958,720249,3.8571377151009276
1653150453.1638618,720749,3.8511611393508987
1653150476.3346083,721249,3.916750758423891
1653150499.5229745,721749,3.93025006813979
1653150522.8956347,722249,3.8299817796098976
1653150546.2226417,722749,3.8798411580245973
1653150569.4495409,723249,3.795380210096215
1653150592.7908125,723749,3.839373769488716
1653150616.083587,724249,3.830881365399518
1653150639.5794528,724749,3.8967433785012546
1653150662.8846056,725249,3.841654715234512
1653150686.3195121,725749,3.9226121652425947
1653150709.5649934,726249,3.862257765448211
1653150732.8884282,726749,3.8658710779840084
1653150756.1364868,727249,3.890529931586424
1653150779.4209135,727749,3.8566833479660034
1653150802.8232174,728249,3.934112951628344
1653150826.2152128,728749,3.842415896311208
1653150849.5366738,729249,3.9039338023621144
1653150872.7651565,729749,3.8906096825981717
1653150916.3601332,730249,3.8703230888880387
1653150939.5477316,730749,3.8263377380517105
1653150962.8378346,731249,3.931697349082784
1653150986.2271068,731749,3.918505734594612
1653151009.5724208,732249,3.869690330282194
1653151032.9213054,732749,3.8200243975753967
1653151056.3351352,733249,3.89449862245013
1653151079.6388912,733749,3.8293149251266048
1653151102.8468914,734249,3.875357342392812
1653151126.0186067,734749,3.9218273638815564
1653151149.36453,735249,3.8130911772238316
1653151172.7415025,735749,3.8625928932911906
1653151196.0673194,736249,3.849537766253957
1653151219.3674605,736749,3.9141909990810904
1653151242.7077568,737249,3.8516290096900794
1653151266.0588734,737749,3.8748839665581123
1653151289.4308128,738249,3.8611207296672347
1653151312.8482866,738749,3.9211642709240606
1653151336.2027404,739249,3.8568815362864663
1653151359.5061927,739749,3.926717278843854
1653151403.1715488,740249,3.928039769349458
1653151426.4104795,740749,3.903562878904904
1653151449.8763847,741249,3.9123684161118737
1653151473.1494114,741749,3.848320691002379
1653151496.4123554,742249,3.9101483551075216
1653151519.7348714,742749,3.9315169977543816
1653151543.1166682,743249,3.9420424129710945
1653151566.4905007,743749,3.8635224815764806
1653151589.8469265,744249,3.9353530513402695
1653151613.2167187,744749,3.8750107323144567
1653151636.560365,745249,3.915226712120981
1653151659.7399492,745749,3.89717551498583
1653151683.0496874,746249,3.909591846050924
1653151706.2537413,746749,3.9121086286483338
1653151729.5371213,747249,3.9079103485184095
1653151752.7672508,747749,3.9582752553421807
1653151776.0990467,748249,3.9217467406992066
1653151799.4145691,748749,3.9590456464789914
1653151822.828688,749249,3.893810188843507
1653151846.1659818,749749,3.9513599889742537
1653151889.535088,750249,3.8626664383224814
1653151912.745311,750749,3.8808030562737272
1653151936.0833972,751249,3.867133569391155
1653151959.3230064,751749,3.907182356180587
1653151982.6344504,752249,3.897879563441244
1653152005.9591467,752749,3.9011259581559066
1653152029.2892923,753249,3.8916329733873116
1653152052.569932,753749,3.9478101961889416
1653152075.9102237,754249,3.830540641507596
1653152099.0130985,754749,3.908032582389044
1653152122.3983185,755249,3.9289908237071614
1653152145.7565281,755749,3.8947687076076374
1653152169.0384524,756249,3.901398908927338
1653152192.3998795,756749,3.8366892739877474
1653152215.828396,757249,3.907599830959594
1653152239.1391377,757749,3.9075319611713875
1653152262.3229382,758249,3.9096873708972253
1653152285.6806858,758749,3.8655050010355185
1653152308.9882176,759249,3.9167717741188217
1653152332.3000867,759749,3.9414526075603797
1653152376.2752047,760249,3.9286162636631845
1653152399.6313305,760749,3.9021269773664935
1653152423.0623977,761249,3.9296188933656295
1653152446.3651304,761749,3.935566999778711
1653152469.8356912,762249,3.8843668490003362
1653152493.1861358,762749,3.8855387354280064
1653152516.3958144,763249,3.9134119487413206
1653152539.6355171,763749,3.8928906872812314
1653152562.9330719,764249,3.875081858163553
1653152586.3717349,764749,3.856871349092035
1653152609.7084582,765249,3.8927241378160526
1653152633.0432422,765749,3.93504362929232
1653152656.262195,766249,3.878690857584676
1653152679.6991053,766749,3.9357324313683146
1653152703.0039508,767249,3.9356557731719573
1653152726.3191323,767749,3.995064231392189
1653152749.7014377,768249,3.861962544939519
1653152773.082228,768749,3.8911293733448193
1653152796.4843411,769249,3.927299616242172
1653152819.8718145,769749,3.9606122416555185
1653152863.2942274,770249,3.9253164042699056
1653152886.511217,770749,4.001850732729599
1653152909.7857249,771249,3.911251749966133
1653152933.097769,771749,3.8911009126028353
1653152956.3730996,772249,3.9326156489782473
1653152979.717526,772749,3.9069771596535756
1653153003.1110418,773249,3.9338358321725573
1653153026.4702926,773749,3.923061703375225
1653153049.8445835,774249,3.8967591753271553
1653153073.087472,774749,3.9316691913988855
1653153096.3845806,775249,3.889706166756811
1653153119.6661322,775749,3.90710363062992
1653153143.0408466,776249,3.862579255749687
1653153166.2429807,776749,3.938393865594809
1653153189.5702746,777249,3.947563424062842
1653153212.936961,777749,3.9718935883121196
1653153236.3044403,778249,3.9311347953321047
1653153259.643646,778749,3.8732347246836594
1653153282.8952181,779249,3.9732245654519045
1653153306.15305,779749,3.9027350605063877
1653153349.893415,780249,3.9423417752860015
1653153373.294994,780749,3.933155385186788
1653153396.5188105,781249,3.8963662999182116
1653153419.7906322,781749,3.8687587977394133
1653153443.1377797,782249,3.92735349787898
1653153466.4126735,782749,3.95319231964643
1653153489.6807976,783249,3.918194523529911
1653153512.9850867,783749,3.9223917168652633
1653153536.2118309,784249,3.951177864177207
1653153559.4346998,784749,3.9615067274553826
1653153582.810415,785249,3.9117587878595677
1653153606.1634037,785749,3.9145868024288677
1653153629.467249,786249,3.91460153671381
1653153652.6962702,786749,3.9136119076441536
1653153675.9444637,787249,3.951651909737704
1653153699.2573543,787749,3.923411245375919
1653153722.6215272,788249,3.9530069692767773
1653153746.073973,788749,3.9864518458465104
1653153769.3524313,789249,3.971785099402461
1653153792.711513,789749,3.90272584563164
1653153836.8082776,790249,3.9051142014969815
1653153860.1664805,790749,3.9829074792451946
1653153883.511018,791249,3.9095692504025568
1653153906.849844,791749,3.9094414138051192
1653153930.2452521,792249,4.019175839398751
1653153953.5911744,792749,3.915741167207432
1653153976.8517284,793249,3.9037095808571123
1653154000.1510732,793749,3.928278425367554
1653154023.4423034,794249,3.943225506082765
1653154046.6577075,794749,3.980218781581105
1653154069.963365,795249,3.9376346721451867
1653154093.3874774,795749,3.911005723512103
1653154116.6511908,796249,3.9600837912710456
1653154140.0078342,796749,3.9239392242650766
1653154163.349311,797249,3.9477364194908016
1653154186.5730982,797749,3.9215349902922947
1653154209.9745896,798249,4.0041981034027945
1653154233.2468421,798749,3.9675367179794265
1653154256.616031,799249,3.987503682804028
1653154280.1533473,799749,3.9384171440234494
1653154323.8876023,800249,3.9687803730697104
1653154347.1311452,800749,3.949588696023636
1653154370.4991562,801249,3.931522944383037
1653154393.833178,801749,3.9581608901099146
1653154417.1793206,802249,3.9527853912785478
1653154440.5033953,802749,3.9881126119282664
1653154463.697981,803249,4.004071111379737
1653154487.078743,803749,3.9740331009976435
1653154510.3051324,804249,3.9822301140788885
1653154533.49733,804749,3.972229322757051
1653154556.8105805,805249,3.946095701124217
1653154580.1593645,805749,3.9880891884727445
1653154603.46815,806249,3.9013509785273035
1653154626.8511584,806749,3.968193950844142
1653154650.0299451,807249,3.934683651759883
1653154673.2357957,807749,3.989585298670718
1653154696.5506287,808249,3.9970370555041117
1653154719.8674517,808749,3.92330488164825
1653154743.2213767,809249,3.966951795057047
1653154766.6049955,809749,3.9534185781685793
1653154811.7088716,810249,3.9841236772807607
1653154835.0537708,810749,3.9520983244258012
1653154858.479744,811249,3.9013804965601677
1653154881.8190126,811749,3.95423992615622
1653154905.0473287,812249,3.916490088856429
1653154928.2981832,812749,3.947970728035939
1653154951.6507776,813249,3.962686736813108
1653154974.9169898,813749,3.960730595578413
1653154998.2350812,814249,3.956655843303608
1653155021.5722377,814749,3.967042974519594
1653155044.9152305,815249,3.9804546991650707
1653155068.3091748,815749,3.9629834964399553
1653155091.7223623,816249,4.015473272063685
1653155115.0072992,816749,3.973074186388203
1653155138.2829883,817249,3.9642554020774767
1653155161.5309343,817749,3.9731176794028995
1653155184.7903166,818249,3.9831037008908496
1653155208.1558487,818749,3.8968441618200305
1653155231.5292213,819249,3.96819806618262
1653155254.9711108,819749,4.0034531600520715
1653155299.2177222,820249,3.9895558486111424
1653155322.3884468,820749,3.9928624659970136
1653155345.6665838,821249,3.9973063684120276
1653155369.002634,821749,3.9504101249638444
1653155392.2930567,822249,3.9573682452878267
1653155415.667212,822749,3.9411995117409377
1653155438.9861174,823249,3.9326258998521015
1653155462.401553,823749,3.977555769638867
1653155485.6138608,824249,4.084244880080061
1653155508.9830585,824749,4.033678303231435
1653155532.2630787,825249,4.001184711520669
1653155555.496224,825749,4.01908626228916
1653155578.7062068,826249,3.997178788165453
1653155602.0746534,826749,3.976287074992957
1653155625.3412306,827249,4.001666519053407
1653155648.6601925,827749,3.9343652317929707
1653155671.8803065,828249,3.971519038698495
1653155695.205951,828749,3.9077947712742755
1653155718.5038948,829249,3.9872005203243233
1653155741.804179,829749,3.934168564736631
1653155785.1648996,830249,4.0042298307762705
1653155808.5313473,830749,4.019257371601465
1653155831.8372712,831249,3.9687890096137854
1653155855.2024941,831749,3.947128232183486
1653155878.5447333,832249,3.933717766119692
1653155901.843839,832749,3.9815204610894463
1653155925.2485259,833249,4.010581085552259
1653155948.5612614,833749,3.928570492325779
1653155972.0319326,834249,3.9724477815982313
1653155995.4052124,834749,3.94907623546839
1653156018.6498568,835249,4.005363287865878
1653156042.040954,835749,3.9757494816590433
1653156065.4086921,836249,4.015205275988427
1653156088.7076943,836749,3.937257631861623
1653156112.0494258,837249,4.024273454294965
1653156135.3324292,837749,3.941511709184865
1653156158.6891825,838249,4.123332056323503
1653156182.0384972,838749,3.9429567786749162
1653156205.4089363,839249,4.0450879646340265
1653156228.7131617,839749,3.975775932139841
1653156272.5000176,840249,4.032772847942232
1653156295.6211085,840749,4.03626831392074
1653156318.778665,841249,3.982107445851978
1653156342.0515845,841749,3.999142040889471
1653156365.3414195,842249,4.046172668555263
1653156388.6786711,842749,4.010783541610718
1653156412.0793476,843249,3.9802686354891206
1653156435.4070654,843749,4.011237516279353
1653156458.7427146,844249,4.0193625215247195
1653156482.0070543,844749,3.9682387807991417
1653156505.2061791,845249,3.988676625664794
1653156528.441119,845749,3.952850109426796
1653156551.8755333,846249,4.038278492612942
1653156575.2477036,846749,3.9927469438628878
1653156598.526537,847249,3.9533086283663246
1653156621.9133594,847749,3.973823093868911
1653156645.1998944,848249,3.969622922099907
1653156668.5580258,848749,4.012235412839596
1653156691.9698653,849249,3.9404212554402864
1653156715.3743298,849749,3.997503300404128
1653156758.532331,850249,3.992227626021864
1653156781.7553556,850749,4.045778873385171
1653156804.9925501,851249,3.9713403627835206
1653156828.383151,851749,4.0033354228030245
1653156851.7005248,852249,3.9785764674111923
1653156875.079654,852749,3.9792073088448263
1653156898.4549966,853249,3.99713034405844
1653156921.894021,853749,4.022947556329491
1653156945.169157,854249,4.059761430298826
1653156968.5406742,854749,4.006379828093005
1653156991.8858054,855249,4.002153541216176
1653157015.3350897,855749,4.002647565527349
1653157038.679942,856249,4.0591574448168455
1653157062.0163045,856749,3.9812124941413347
1653157085.2937198,857249,4.047620927956455
1653157108.521195,857749,3.926864022524616
1653157131.7635021,858249,4.007125692202474
1653157155.0513687,858749,4.020791074802479
1653157178.387543,859249,4.023882695043013
1653157201.7976663,859749,3.985670952586568
1653157245.9736702,860249,3.9865858683149904
1653157269.2858746,860749,3.992498525117966
1653157292.5799687,861249,3.9944652280044126
1653157315.9736793,861749,4.017079998398696
1653157339.279055,862249,4.02045599563652
1653157362.513511,862749,4.045162560069819
1653157385.8303666,863249,3.9910923686087965
1653157409.0908012,863749,4.003207218459946
1653157432.3240252,864249,4.052681992847624
1653157455.672481,864749,3.99001337501609
1653157479.004216,865249,4.055593416013423
1653157502.4546673,865749,4.020512622392964
1653157525.7714372,866249,3.9594511771441447
1653157549.117968,866749,4.028308625699629
1653157572.4882684,867249,4.010661050226339
1653157595.788372,867749,3.9782680460200988
1653157619.1125891,868249,4.007297143389984
1653157642.3314342,868749,4.075505387674923
1653157665.5798209,869249,4.022358490329797
1653157688.9846454,869749,3.963843105946531
1653157732.9918165,870249,3.9906132362351636
1653157756.1546667,870749,4.030886091297491
1653157779.4520032,871249,4.037452243207152
1653157802.77315,871749,4.066383536226363
1653157826.0248609,872249,3.978834372330054
1653157849.338302,872749,4.044573674536172
1653157872.7286158,873249,3.9927459369586216
1653157896.0916426,873749,3.999736485479918
1653157919.5886405,874249,4.008322285866738
1653157942.8123434,874749,4.06973508493334
1653157966.152455,875249,4.041190283359642
1653157989.2999544,875749,4.038394431169277
1653158012.4751675,876249,3.9778249436340807
1653158035.7050834,876749,3.9959944070582045
1653158058.9057841,877249,4.034718575473157
1653158082.2437391,877749,4.040992467617815
1653158105.5138175,878249,4.022785835657071
1653158128.7055233,878749,4.085853618828248
1653158152.0892317,879249,4.043066789393852
1653158175.376326,879749,4.010672478572566
1653158219.7356846,880249,4.025674357064547
1653158243.1024075,880749,4.013522715555448
1653158266.3256528,881249,4.023117458157488
1653158289.657196,881749,4.072339787252524
1653158312.968608,882249,3.989624888406966
1653158336.387903,882749,3.9937892518025704
1653158359.652661,883249,4.027597970417441
1653158382.8815212,883749,4.104368168230431
1653158406.185304,884249,4.014961672442533
1653158429.3687897,884749,4.002727776233406
1653158452.6506717,885249,4.079746798136274
1653158475.861433,885749,4.1077395023833
1653158499.1301663,886249,4.033463560554249
1653158522.4886067,886749,4.0024385292862465
1653158545.727854,887249,3.9653459941806477
1653158568.9737823,887749,4.056409709071917
1653158592.285282,888249,4.09364386251744
1653158615.6546867,888749,4.067990658708457
1653158639.0379066,889249,4.04550188728393
1653158662.4104185,889749,3.9950480826718913
1653158707.4643495,890249,4.0675103557262045
1653158730.690904,890749,4.0215882669945735
1653158753.9972544,891249,3.9516574125583173
1653158777.2312615,891749,4.030481997416379
1653158800.547023,892249,4.0297520566147185
1653158824.0927005,892749,4.020806706924072
1653158847.3143623,893249,4.032538432045026
1653158870.612237,893749,4.004843469549729
1653158893.9265845,894249,4.013397815086784
1653158917.2827685,894749,4.021162122705816
1653158940.6374328,895249,4.048216795532094
1653158963.8957558,895749,4.040450175555678
1653158987.1958299,896249,4.029971345167839
1653159010.5059822,896749,4.097501281820469
1653159033.8433623,897249,4.03591260956714
1653159057.149041,897749,4.005027098953203
1653159080.3870518,898249,4.015196627425515
1653159103.6945517,898749,4.064001706122172
1653159126.9454212,899249,4.068933078307188
1653159150.2397337,899749,3.988792636642845
1653159193.7724342,900249,4.049660810048536
1653159217.0932837,900749,3.99718957246167
1653159240.4540193,901249,4.059207804970924
1653159263.7456279,901749,4.055323795334206
1653159287.1039157,902249,4.016343415005831
1653159310.439616,902749,4.051317318954828
1653159333.7788472,903249,4.081318480135298
1653159357.0885086,903749,4.1215337791118
1653159380.4602675,904249,4.044537512983187
1653159403.7273731,904749,4.027032048290669
1653159426.989015,905249,4.062155677001913
1653159450.416011,905749,4.073372403958482
1653159473.702823,906249,4.0181355064721505
1653159496.9873357,906749,4.076744303454516
1653159520.344402,907249,4.068018723622867
1653159543.6635668,907749,4.066730764350099
1653159567.0711253,908249,4.005679303409545
1653159590.362087,908749,4.006149054051777
1653159613.6720498,909249,4.028506542458971
1653159637.0285516,909749,4.086051050851889
1653159681.4050012,910249,3.9578971172784922
1653159704.6615844,910749,4.129289436736494
1653159727.9650393,911249,4.103513099515389
1653159751.3948667,911749,4.054429626123296
1653159774.7204516,912249,4.057580144699827
1653159798.0893033,912749,4.063951823212245
1653159821.4113572,913249,3.999932943916686
1653159844.7122228,913749,4.113244315208876
1653159868.05898,914249,4.016430050726342
1653159891.3909364,914749,4.0383308691054385
1653159914.611831,915249,4.0534332859875395
1653159937.9497132,915749,4.021716602026338
1653159961.2639406,916249,4.011019658564548
1653159984.5351324,916749,4.054035478335823
1653160007.8571076,917249,4.078974467154488
1653160031.2510555,917749,4.055666418797052
1653160054.5320253,918249,4.011374026329223
1653160077.9888422,918749,4.019967739887937
1653160101.2450335,919249,4.049832299797442
1653160124.7073166,919749,4.068776626303899
1653160168.5373962,920249,4.100810409504949
1653160191.747435,920749,4.057055495600896
1653160214.9630969,921249,4.071721632379889
1653160238.1815674,921749,3.9951860235241385
1653160261.465217,922249,4.003879387352367
1653160284.8382363,922749,4.030909550071845
1653160308.2250025,923249,4.050236741283703
1653160331.5946164,923749,4.048772645721049
1653160355.0308616,924249,4.114111943004942
1653160378.287894,924749,4.118554376564116
1653160401.5954266,925249,4.144973232302826
1653160424.9233642,925749,4.07661866693202
1653160448.2670748,926249,4.026513383873539
1653160471.6978176,926749,4.042741424388732
1653160494.9847033,927249,4.072193722076143
1653160518.2345176,927749,3.989616990353745
1653160541.489416,928249,4.0718478364897415
1653160564.7340329,928749,4.039516488085348
1653160588.0229328,929249,3.9798814714662623
1653160611.3105915,929749,4.0527958497751495
1653160655.9531796,930249,4.077355255407344
1653160679.2292132,930749,4.0473688375590005
1653160702.4444854,931249,4.01494954059614
1653160725.7690828,931749,4.073817453293515
1653160749.1271877,932249,4.0467488807923
1653160772.452482,932749,4.1194866853137295
1653160795.763651,933249,4.116932523383565
1653160819.1060472,933749,4.08610779479844
1653160842.3719811,934249,4.048962165726045
1653160865.7593088,934749,4.097529253658296
1653160889.0755365,935249,4.073619366258262
1653160912.4512672,935749,4.061173814589942
1653160935.7295651,936249,4.078239021478948
1653160958.981488,936749,4.121552199019195
1653160982.338603,937249,3.9911973794823026
1653161005.6604252,937749,4.090684232851121
1653161028.9421551,938249,4.048369058155906
1653161052.4649732,938749,4.063273305106559
1653161075.7190008,939249,3.988672791753144
1653161099.0805953,939749,4.058948566998202
1653161142.9594648,940249,4.121341977326898
1653161166.3288548,940749,4.039653542533506
1653161189.6771255,941249,4.039509157344748
1653161213.0322325,941749,4.074167604308956
1653161236.44827,942249,4.077212737014149
1653161259.725905,942749,4.066724722985421
1653161283.0871475,943249,4.046539013318101
1653161306.3955028,943749,4.136274029337486
1653161329.7645862,944249,4.133809527351481
1653161353.1148887,944749,4.013381711556185
1653161376.401383,945249,4.087215113561304
1653161399.681876,945749,4.081128758050587
1653161422.997035,946249,4.04603744364011
1653161446.27303,946749,4.05715293286269
1653161469.6388798,947249,4.045303661288977
1653161493.002985,947749,4.051967436133743
1653161516.3638227,948249,4.038732581119127
1653161539.7082846,948749,4.1173179484799585
1653161563.0433438,949249,4.113564329615077
1653161586.3962605,949749,4.0610713890948205
1653161631.662592,950249,4.107854066835772
1653161654.8407342,950749,4.0900052543852015
1653161678.1072092,951249,4.076195861293243
1653161701.2997854,951749,4.084338582765436
1653161724.5268512,952249,4.039287913629668
1653161747.76324,952749,4.027005785829567
1653161770.9127018,953249,4.061049707806167
1653161794.5931003,953749,4.107621645933898
1653161818.81595,954249,4.046609889404479
1653161842.5274625,954749,4.131018792305392
1653161866.1600382,955249,4.086034007456787
1653161889.7743719,955749,4.058408104584146
1653161915.301422,956249,4.088229094630806
1653161939.108869,956749,4.097008393666792
1653161962.5805793,957249,4.036511342963425
1653161985.9981046,957749,4.064859135011255
1653162009.7130702,958249,4.062650853861148
1653162033.2318635,958749,4.086930774508218
1653162057.115419,959249,4.112256122661914
1653162081.3895779,959749,4.054147685052094
1653162127.7395651,960249,4.003791156047532
1653162151.3107305,960749,4.074790173278126
1653162174.678599,961249,4.139355327969323
1653162198.1967838,961749,4.056080677211787
1653162221.5992947,962249,4.050085208323123
1653162245.0750122,962749,4.052909772784907
1653162268.4706118,963249,4.100008923144047
1653162292.0322273,963749,4.066055218362125
1653162315.628974,964249,4.029630854939496
1653162339.2399232,964749,4.091287384460313
1653162362.7850842,965249,4.0586917883629505
1653162386.4034216,965749,4.061167133274678
1653162410.1730368,966249,4.103053747012428
1653162433.8745384,966749,4.133038954689688
1653162457.3644083,967249,4.100895290446583
1653162480.9438276,967749,4.05054080013891
1653162504.5042732,968249,4.047583923667722
1653162527.962425,968749,4.0877392857194135
1653162551.364981,969249,4.099643189656737
1653162574.8656683,969749,4.127826074058369
1653162619.891495,970249,4.096848881609301
1653162643.6791396,970749,4.0959550994639855
1653162667.2291896,971249,4.119559708506279
1653162690.7084968,971749,4.080448489747321
1653162714.1064517,972249,4.083074447402989
1653162737.6108828,972749,4.0867771369768615
1653162761.3828077,973249,4.105705286328284
1653162785.7783213,973749,4.060871521295538
1653162809.6941156,974249,4.079366393802907
1653162833.5316317,974749,4.091279446710869
1653162857.3349223,975249,4.126485889938099
1653162880.7593496,975749,4.14103311848243
1653162904.173066,976249,4.07425838407298
1653162927.5801563,976749,4.086519143376323
1653162951.017547,977249,4.114034237873824
1653162974.4304051,977749,4.112434013492235
1653162997.8770018,978249,4.044056193965682
1653163021.695468,978749,4.1108397159645484
1653163045.3605292,979249,4.129482946835457
1653163069.2465446,979749,4.108013047014167
1653163115.565546,980249,4.1446708979180205
1653163138.999958,980749,4.060101182100823
1653163162.6683419,981249,4.08665138079807
1653163186.3870382,981749,4.081766696818683
1653163209.9538484,982249,4.103879605326391
1653163233.7278454,982749,4.129509414103159
1653163257.4263391,983249,4.113671948867351
1653163281.4014132,983749,4.126673797361909
1653163304.9099212,984249,4.098269463688176
1653163328.3957367,984749,4.0068296305397055
1653163351.9898493,985249,4.095152823263353
1653163376.1005518,985749,4.122449988413687
1653163399.822836,986249,4.095023170275088
1653163423.6908295,986749,4.12563557343953
1653163447.492815,987249,4.099757368361473
1653163471.3656628,987749,4.094886366176047
1653163495.307982,988249,4.139246645705271
1653163519.8396068,988749,4.143465485718579
1653163544.2966518,989249,4.095888995827528
1653163568.2675536,989749,4.128182056174481
